student_id,attendance,previous_marks,study_hours,assignment_score,internal_marks,completed_assignments,class_participation,extracurricular_activity,final_marks,performance_category
STD1001,82.2,69.8,3.2,62.2,64.0,5,8,Yes,68.8,Average
STD1002,74.3,62.0,4.8,56.5,59.5,5,8,Yes,60.5,Average
STD1003,84.1,69.7,3.5,84.3,57.8,7,9,No,69.0,Average
STD1004,95.0,75.6,4.0,75.2,64.2,7,8,No,72.9,Average
STD1005,73.1,68.7,7.5,71.1,71.0,7,7,No,64.7,Average
STD1006,73.1,68.6,6.9,59.2,59.1,7,9,No,64.7,Average
STD1007,95.7,58.2,2.2,60.0,47.8,6,9,No,48.9,Low
STD1008,85.6,58.7,6.0,71.4,67.9,6,10,No,68.5,Average
STD1009,70.1,48.4,6.0,43.1,61.7,5,6,No,56.2,Average
STD1010,82.8,92.5,2.4,77.9,71.2,7,9,Yes,80.8,High
STD1011,70.2,50.6,6.0,54.7,61.1,5,10,Yes,57.8,Average
STD1012,70.2,58.3,7.3,59.5,53.0,6,8,No,60.2,Average
STD1013,79.0,57.9,2.5,59.7,56.8,6,6,Yes,65.7,Average
STD1014,52.1,80.5,2.8,68.8,62.0,8,5,No,69.4,Average
STD1015,54.4,63.9,6.3,62.6,67.5,7,7,Yes,64.1,Average
STD1016,69.0,85.5,5.0,78.8,75.0,7,8,Yes,77.0,High
STD1017,63.3,58.6,5.5,49.6,66.3,7,6,Yes,65.2,Average
STD1018,79.9,71.9,5.1,66.8,62.3,7,10,Yes,63.2,Average
STD1019,64.6,56.3,5.2,65.0,63.4,6,6,No,57.8,Average
STD1020,58.3,98.0,2.1,84.0,75.2,9,3,No,80.1,High
STD1021,94.3,51.4,6.4,51.4,56.3,5,10,Yes,65.7,Average
STD1022,73.2,72.3,6.6,69.9,70.9,7,6,Yes,72.9,Average
STD1023,76.8,76.9,4.1,56.0,60.4,8,8,Yes,60.9,Average
STD1024,58.2,73.8,4.4,64.2,66.3,6,10,Yes,66.4,Average
STD1025,69.2,65.4,1.7,76.6,57.8,7,6,No,58.6,Average
STD1026,77.4,66.2,5.4,58.0,65.2,6,7,Yes,67.1,Average
STD1027,61.6,68.6,5.5,55.7,65.2,7,7,No,58.4,Average
STD1028,80.7,65.9,4.4,71.6,68.6,6,8,Yes,64.6,Average
STD1029,68.5,81.5,6.5,59.4,79.8,4,8,Yes,64.0,Average
STD1030,72.4,98.9,3.9,76.9,73.9,7,8,Yes,84.4,High
STD1031,68.5,60.2,5.5,63.8,67.3,5,6,Yes,62.1,Average
STD1032,99.2,48.8,2.7,56.9,41.1,5,10,No,54.5,Average
STD1033,75.8,66.8,4.5,63.2,66.2,7,8,No,64.3,Average
STD1034,62.8,99.0,4.2,84.6,86.2,8,7,No,75.7,High
STD1035,86.3,56.7,4.9,65.5,47.8,5,8,Yes,55.7,Average
STD1036,60.7,90.9,3.8,76.0,76.4,8,8,Yes,72.0,Average
STD1037,78.6,91.5,4.3,76.8,74.5,9,8,Yes,76.2,High
STD1038,51.5,60.2,6.0,57.3,57.4,4,7,No,57.1,Average
STD1039,59.4,76.0,3.7,64.5,73.9,7,5,Yes,64.6,Average
STD1040,78.5,90.8,1.6,82.3,67.8,9,6,No,81.0,High
STD1041,85.2,62.7,7.6,61.6,63.2,7,10,Yes,73.0,Average
STD1042,78.1,65.1,7.0,63.3,68.5,8,8,Yes,72.8,Average
STD1043,74.6,59.9,2.2,53.4,55.9,8,6,Yes,58.3,Average
STD1044,72.2,53.8,5.7,56.5,57.1,5,7,Yes,65.5,Average
STD1045,57.5,58.9,3.6,49.4,61.0,5,7,No,53.3,Average
STD1046,67.0,50.9,5.0,45.4,55.6,4,6,Yes,53.9,Average
STD1047,70.2,68.5,5.0,66.3,52.5,7,7,No,62.1,Average
STD1048,89.2,57.2,4.1,65.0,54.2,8,9,Yes,66.8,Average
STD1049,80.3,71.3,3.1,74.6,60.6,6,5,No,67.5,Average
STD1050,54.0,46.2,3.3,44.3,48.7,4,4,Yes,45.4,Low
STD1051,80.1,72.6,2.9,72.4,47.9,9,8,No,61.3,Average
STD1052,71.2,79.7,3.0,74.9,83.3,9,6,No,75.5,High
STD1053,67.5,40.1,4.4,51.3,50.0,5,8,No,51.8,Average
STD1054,83.6,73.2,3.2,64.5,64.1,7,9,Yes,67.2,Average
STD1055,88.9,85.2,5.7,79.9,85.4,8,10,No,74.0,Average
STD1056,87.6,51.1,7.2,62.4,75.3,8,10,Yes,68.0,Average
STD1057,65.5,91.4,3.5,75.7,80.4,8,7,Yes,80.0,High
STD1058,72.1,73.9,4.9,52.2,70.9,6,8,Yes,74.9,Average
STD1059,80.1,58.1,5.4,62.6,61.3,9,8,Yes,60.1,Average
STD1060,88.2,67.2,5.3,85.3,68.7,9,10,No,70.8,Average
STD1061,70.0,75.8,4.6,65.6,65.3,7,10,Yes,67.7,Average
STD1062,73.7,69.1,5.8,60.2,61.6,7,8,No,69.7,Average
STD1063,62.2,75.5,5.4,68.8,66.3,7,7,No,66.1,Average
STD1064,61.0,55.1,2.3,56.7,42.3,8,7,No,46.9,Low
STD1065,86.2,70.4,6.1,78.8,71.0,8,9,No,74.8,Average
STD1066,93.0,48.2,6.1,50.1,44.7,5,9,Yes,55.4,Average
STD1067,75.1,66.4,3.1,70.1,61.9,6,8,Yes,60.4,Average
STD1068,88.5,55.3,4.6,66.7,57.8,8,9,Yes,61.0,Average
STD1069,80.5,57.7,5.7,60.2,61.5,7,9,No,69.2,Average
STD1070,67.9,85.3,4.1,75.5,70.5,7,6,No,72.6,Average
STD1071,80.5,83.3,6.4,83.1,98.1,9,7,No,83.2,High
STD1072,95.2,76.5,8.8,82.3,89.9,7,10,Yes,83.8,High
STD1073,75.6,52.7,3.1,48.6,42.0,5,8,Yes,53.9,Average
STD1074,95.6,63.6,2.0,74.9,59.0,8,8,Yes,69.0,Average
STD1075,43.3,85.0,5.0,65.4,70.0,8,7,Yes,70.5,Average
STD1076,86.3,70.0,5.8,70.2,62.9,6,8,Yes,70.6,Average
STD1077,77.1,99.0,4.1,83.6,74.0,7,7,No,82.2,High
STD1078,72.3,73.5,7.1,66.5,75.7,6,8,Yes,72.6,Average
STD1079,77.1,70.7,2.1,76.4,57.6,6,7,Yes,62.1,Average
STD1080,51.2,63.7,5.7,55.7,68.6,7,7,No,57.3,Average
STD1081,73.3,69.9,3.4,57.5,66.6,7,6,No,54.4,Average
STD1082,80.5,65.9,7.6,62.8,78.0,7,10,Yes,81.1,High
STD1083,94.5,77.9,8.1,77.6,74.8,9,10,Yes,84.6,High
STD1084,69.5,81.4,3.1,80.5,73.1,8,7,Yes,70.6,Average
STD1085,65.9,57.0,3.5,61.3,59.0,6,8,Yes,58.4,Average
STD1086,69.7,49.4,6.0,47.3,51.8,4,7,No,49.2,Low
STD1087,87.4,42.3,3.8,73.4,46.3,7,10,Yes,65.2,Average
STD1088,80.1,75.1,4.4,72.7,78.4,6,9,No,65.7,Average
STD1089,69.4,52.6,4.5,64.9,57.5,7,8,No,58.2,Average
STD1090,82.4,37.9,1.0,49.8,41.2,5,7,No,44.9,Low
STD1091,77.2,73.4,4.5,73.0,63.1,8,4,Yes,72.8,Average
STD1092,88.1,99.0,3.3,92.4,74.5,9,8,Yes,84.4,High
STD1093,67.2,67.9,3.6,72.3,59.7,7,6,No,55.1,Average
STD1094,71.9,79.7,7.1,78.9,77.9,7,7,Yes,76.1,High
STD1095,71.1,69.1,2.2,71.5,53.9,7,7,Yes,59.5,Average
STD1096,57.7,66.6,6.0,57.4,65.0,6,6,Yes,63.4,Average
STD1097,79.7,80.9,4.0,69.5,59.8,6,7,Yes,76.0,High
STD1098,79.3,63.9,4.0,66.9,54.2,7,7,No,53.9,Average
STD1099,76.1,71.7,5.9,74.8,75.1,8,7,Yes,70.3,Average
STD1100,73.1,72.5,5.1,65.7,71.3,6,9,Yes,67.7,Average
STD1101,58.3,58.6,5.5,63.6,59.0,6,6,Yes,58.7,Average
STD1102,70.7,81.9,6.2,82.7,72.4,9,7,No,77.7,High
STD1103,71.7,65.6,3.9,56.3,53.2,4,7,No,56.5,Average
STD1104,66.0,57.4,3.4,50.8,50.8,5,7,No,54.4,Average
STD1105,74.0,75.5,2.5,68.2,67.4,6,8,Yes,65.9,Average
STD1106,81.1,55.4,3.0,62.5,59.0,7,4,Yes,61.6,Average
STD1107,99.6,68.4,9.8,68.6,74.5,9,10,Yes,81.7,High
STD1108,78.2,67.9,6.7,76.4,64.5,7,10,Yes,68.4,Average
STD1109,79.2,83.2,2.1,78.1,69.8,8,6,No,74.5,Average
STD1110,75.1,74.6,2.1,69.4,57.3,6,6,No,63.2,Average
STD1111,52.0,67.6,5.4,48.0,59.2,6,6,Yes,63.5,Average
STD1112,75.7,79.4,5.5,62.0,79.2,5,7,No,69.6,Average
STD1113,76.8,87.5,5.5,78.7,83.6,8,8,Yes,82.4,High
STD1114,100.0,75.8,4.0,60.7,66.7,5,7,No,68.4,Average
STD1115,73.6,68.1,4.3,72.7,57.2,7,6,Yes,65.4,Average
STD1116,79.8,49.6,5.1,55.4,55.4,5,10,No,57.3,Average
STD1117,75.6,53.1,4.7,81.7,66.4,9,7,Yes,69.3,Average
STD1118,61.4,63.7,1.0,76.5,53.3,7,7,Yes,55.4,Average
STD1119,90.3,59.5,4.1,63.6,66.4,7,9,No,70.4,Average
STD1120,85.4,65.4,3.0,66.1,66.8,6,6,Yes,58.7,Average
STD1121,85.9,68.8,4.8,76.4,77.2,8,10,No,69.6,Average
STD1122,64.6,75.4,9.9,79.3,85.1,8,9,No,76.6,High
STD1123,93.5,67.0,5.2,57.8,67.0,5,9,Yes,70.2,Average
STD1124,58.5,74.8,3.9,51.1,71.6,5,6,Yes,70.7,Average
STD1125,83.3,68.9,6.2,63.6,70.6,8,10,Yes,63.8,Average
STD1126,100.0,40.3,5.4,61.6,48.4,5,10,Yes,56.4,Average
STD1127,63.6,54.8,5.3,58.7,55.1,7,8,Yes,49.9,Low
STD1128,68.9,66.0,5.6,70.6,68.0,9,8,No,66.6,Average
STD1129,77.2,51.1,8.2,47.7,53.0,4,8,Yes,59.2,Average
STD1130,69.7,76.4,2.5,51.2,59.5,4,6,Yes,68.5,Average
STD1131,56.6,89.4,5.4,78.5,85.8,8,10,Yes,79.9,High
STD1132,76.9,85.1,2.8,69.1,56.0,6,8,Yes,73.6,Average
STD1133,62.7,65.0,5.5,45.2,69.9,6,10,Yes,65.4,Average
STD1134,81.9,88.9,2.8,79.9,80.0,8,9,No,75.4,High
STD1135,64.5,70.1,3.7,69.6,61.2,6,7,No,56.6,Average
STD1136,95.4,63.3,4.0,67.6,63.9,6,10,Yes,69.7,Average
STD1137,66.2,59.4,6.3,54.8,61.7,7,8,No,53.3,Average
STD1138,72.0,63.8,6.2,61.0,72.2,6,6,No,69.7,Average
STD1139,86.2,62.6,2.3,62.8,61.1,6,8,No,60.7,Average
STD1140,60.6,70.4,4.6,52.6,54.3,6,8,No,63.2,Average
STD1141,78.8,70.2,3.2,62.4,64.9,6,7,No,61.8,Average
STD1142,92.3,68.0,2.2,74.2,59.0,7,9,Yes,69.6,Average
STD1143,55.9,74.1,4.1,65.8,66.6,7,7,Yes,67.1,Average
STD1144,78.3,84.7,3.9,76.8,68.8,8,7,Yes,74.9,Average
STD1145,79.2,81.3,8.9,66.4,91.7,7,9,No,77.0,High
STD1146,85.8,47.2,5.3,55.6,59.6,5,8,Yes,61.2,Average
STD1147,60.5,32.2,2.0,25.4,27.6,3,5,No,28.6,Low
STD1148,59.5,81.1,3.5,69.6,60.8,7,5,Yes,61.9,Average
STD1149,82.5,48.9,6.3,67.7,56.9,5,8,No,64.5,Average
STD1150,79.7,64.9,8.3,53.9,71.6,6,10,Yes,72.2,Average
STD1151,79.1,51.6,1.6,53.2,47.8,7,6,Yes,54.7,Average
STD1152,80.3,42.8,1.1,55.5,48.7,5,7,Yes,58.8,Average
STD1153,67.5,75.6,7.9,76.9,82.8,7,8,Yes,75.8,High
STD1154,78.9,78.6,5.2,69.0,77.4,6,10,Yes,80.4,High
STD1155,79.7,59.9,2.9,57.1,56.4,6,9,No,59.0,Average
STD1156,67.1,31.7,5.5,28.5,32.3,3,8,Yes,36.2,Low
STD1157,99.3,60.4,1.0,68.8,51.2,7,9,Yes,71.4,Average
STD1158,81.9,73.5,4.5,85.7,77.1,8,8,No,78.3,High
STD1159,61.1,47.3,5.1,52.2,52.0,5,5,Yes,52.3,Average
STD1160,84.2,70.6,6.2,69.2,72.9,5,10,No,73.2,Average
STD1161,63.8,67.8,2.7,64.6,57.3,7,5,No,57.4,Average
STD1162,85.8,76.1,4.7,72.8,63.6,8,10,Yes,76.4,High
STD1163,90.5,69.7,2.8,64.6,59.8,5,10,Yes,56.9,Average
STD1164,65.7,54.4,5.0,61.5,59.2,5,6,Yes,54.7,Average
STD1165,88.0,84.8,2.9,80.0,67.4,10,10,No,79.1,High
STD1166,81.2,65.8,3.8,66.0,59.7,6,9,Yes,64.6,Average
STD1167,86.3,67.6,2.7,61.0,52.9,7,10,No,62.6,Average
STD1168,99.7,54.9,5.7,74.9,68.8,7,10,No,62.7,Average
STD1169,72.9,61.8,6.0,66.4,62.9,6,7,Yes,73.0,Average
STD1170,66.6,55.6,4.1,52.1,62.7,6,6,No,60.9,Average
STD1171,64.9,65.6,4.6,68.7,72.7,6,7,No,63.6,Average
STD1172,65.8,92.0,1.9,72.3,70.5,7,6,No,68.7,Average
STD1173,75.0,48.8,4.0,49.0,43.6,5,7,No,54.2,Average
STD1174,80.3,45.4,4.4,48.8,36.5,4,6,No,55.9,Average
STD1175,79.5,88.6,9.2,64.7,76.5,7,10,Yes,83.9,High
STD1176,86.3,65.1,2.5,70.5,50.4,7,10,Yes,73.6,Average
STD1177,76.2,58.6,7.1,46.8,70.1,5,9,Yes,60.0,Average
STD1178,94.2,82.6,6.3,69.6,77.0,6,10,Yes,75.4,High
STD1179,72.7,59.5,5.0,44.5,59.0,6,8,No,51.8,Average
STD1180,100.0,93.6,7.7,85.8,75.0,9,10,Yes,89.2,High
STD1181,83.8,77.5,5.2,72.0,64.4,8,10,No,71.7,Average
STD1182,65.3,61.2,5.2,56.5,65.7,5,8,Yes,61.5,Average
STD1183,62.6,98.2,4.4,70.7,81.5,5,6,Yes,80.9,High
STD1184,82.0,59.5,6.7,53.9,61.7,7,8,No,67.1,Average
STD1185,73.2,78.4,6.5,74.1,78.9,7,8,No,67.2,Average
STD1186,84.9,72.2,3.4,66.4,73.3,6,9,Yes,68.5,Average
STD1187,81.9,86.2,2.1,79.7,68.8,8,7,Yes,78.8,High
STD1188,75.1,89.9,4.1,70.8,75.4,8,8,Yes,75.0,High
STD1189,65.4,68.4,3.1,64.3,61.6,6,7,Yes,60.0,Average
STD1190,57.1,57.5,4.4,64.4,72.5,8,7,Yes,67.7,Average
STD1191,70.4,74.4,6.7,72.1,61.2,8,10,Yes,65.6,Average
STD1192,86.7,58.5,3.7,60.4,60.3,5,9,No,59.2,Average
STD1193,78.7,96.2,4.4,83.9,80.8,8,6,No,81.5,High
STD1194,60.4,69.9,4.6,60.6,67.5,7,6,No,60.1,Average
STD1195,78.2,62.9,6.0,63.5,60.7,4,9,No,65.7,Average
STD1196,80.8,70.6,1.0,66.0,56.6,6,5,No,58.4,Average
STD1197,65.0,49.1,3.4,51.0,53.2,4,8,No,56.6,Average
STD1198,77.9,54.4,4.9,60.3,75.7,6,8,Yes,64.8,Average
STD1199,76.7,84.8,6.7,67.7,82.8,6,9,No,78.4,High
STD1200,61.7,58.8,3.6,49.0,48.8,5,8,Yes,57.6,Average
STD1201,80.5,53.3,1.1,48.5,42.5,4,6,Yes,48.8,Low
STD1202,83.0,75.5,5.6,59.8,66.5,5,9,No,58.8,Average
STD1203,89.5,84.6,3.4,69.5,59.5,9,8,No,72.3,Average
STD1204,89.2,78.1,2.4,76.1,63.9,9,8,No,70.8,Average
STD1205,58.8,81.9,3.4,61.8,71.8,5,5,No,67.4,Average
STD1206,64.3,57.4,4.2,60.4,49.1,8,9,Yes,57.5,Average
STD1207,82.4,48.1,3.4,56.8,55.9,5,8,Yes,55.6,Average
STD1208,82.4,89.0,1.0,64.3,68.7,7,8,Yes,80.9,High
STD1209,82.4,63.5,6.1,69.9,62.0,7,7,No,59.2,Average
STD1210,100.0,64.5,6.8,76.5,69.0,7,10,No,75.3,High
STD1211,83.1,86.6,5.7,70.5,86.6,8,10,Yes,78.9,High
STD1212,90.2,75.8,2.5,77.1,69.6,8,8,Yes,72.3,Average
STD1213,87.9,74.4,4.1,66.1,66.4,6,8,No,66.8,Average
STD1214,84.1,98.3,4.5,85.4,81.6,7,9,Yes,81.4,High
STD1215,72.1,59.0,5.6,50.1,59.4,4,10,No,60.1,Average
STD1216,85.5,81.0,5.7,62.0,69.5,5,7,No,75.9,High
STD1217,66.3,68.8,3.2,60.5,47.5,6,8,No,59.3,Average
STD1218,73.0,71.8,4.6,66.0,78.5,5,7,Yes,70.8,Average
STD1219,69.9,89.4,5.3,72.8,79.0,7,8,Yes,73.6,Average
STD1220,77.0,75.1,7.1,61.0,75.2,7,8,Yes,75.1,High
STD1221,100.0,75.5,5.8,73.5,72.0,9,10,Yes,87.1,High
STD1222,52.7,83.0,5.9,69.4,71.2,7,6,No,66.9,Average
STD1223,84.6,62.9,4.7,64.9,60.5,6,7,Yes,63.8,Average
STD1224,55.8,56.3,7.0,54.9,52.4,7,8,No,53.2,Average
STD1225,70.1,53.4,5.2,51.0,69.1,6,5,No,55.6,Average
STD1226,89.6,40.5,3.0,63.1,38.5,6,9,Yes,42.0,Low
STD1227,76.8,96.8,7.0,72.9,79.6,6,8,Yes,83.4,High
STD1228,62.5,52.6,5.8,57.1,54.9,6,6,No,51.1,Average
STD1229,67.1,64.9,3.7,70.3,69.1,8,7,No,57.4,Average
STD1230,84.5,64.1,3.6,69.5,60.8,6,6,Yes,68.9,Average
STD1231,66.9,72.3,5.0,64.0,59.6,7,7,No,58.8,Average
STD1232,78.7,79.4,5.3,68.8,79.8,7,7,Yes,74.0,Average
STD1233,76.6,80.0,4.9,80.2,78.1,8,9,Yes,83.6,High
STD1234,67.9,59.8,5.1,48.2,60.9,2,6,No,49.3,Low
STD1235,100.0,65.7,7.6,63.8,74.0,6,10,Yes,67.6,Average
STD1236,83.9,72.0,6.4,67.1,85.2,8,9,No,75.3,High
STD1237,50.7,64.5,4.8,66.0,76.2,6,5,Yes,69.5,Average
STD1238,78.3,90.5,6.2,81.6,78.3,8,9,Yes,75.2,High
STD1239,67.7,74.9,2.6,59.9,71.5,5,5,Yes,67.6,Average
STD1240,86.7,78.3,5.2,72.0,74.4,8,10,Yes,78.9,High
STD1241,66.1,77.3,7.8,63.4,78.9,6,10,Yes,65.2,Average
STD1242,74.6,84.4,4.1,69.0,61.7,6,10,No,72.3,Average
STD1243,82.3,70.5,3.0,76.2,62.6,9,8,Yes,73.7,Average
STD1244,86.8,49.8,3.3,48.4,43.7,6,9,Yes,53.3,Average
STD1245,61.0,73.6,2.5,76.6,69.2,7,4,No,70.3,Average
STD1246,71.8,58.9,3.1,65.7,62.4,7,9,Yes,67.7,Average
STD1247,70.1,60.6,3.8,68.1,46.7,7,8,No,58.0,Average
STD1248,67.8,76.2,2.0,64.4,61.6,7,6,Yes,63.4,Average
STD1249,98.1,85.3,4.5,80.3,82.3,6,10,No,75.6,High
STD1250,81.1,68.3,6.1,56.5,65.0,7,8,Yes,67.5,Average
STD1251,60.2,72.3,2.9,59.7,65.4,5,5,No,62.7,Average
STD1252,87.5,91.8,7.2,85.7,88.5,8,10,Yes,86.3,High
STD1253,100.0,71.4,5.4,84.0,73.5,10,9,Yes,69.9,Average
STD1254,88.9,99.0,6.4,78.0,84.7,8,10,Yes,92.3,High
STD1255,57.0,75.9,3.3,62.0,57.0,6,5,Yes,63.2,Average
STD1256,69.9,43.3,6.0,49.3,45.3,3,7,Yes,49.6,Low
STD1257,91.8,78.5,2.5,65.4,68.7,8,7,Yes,75.8,High
STD1258,67.2,73.3,6.1,70.6,71.5,6,9,Yes,77.4,High
STD1259,81.5,86.1,4.8,71.7,74.1,6,8,No,62.0,Average
STD1260,85.7,77.4,5.5,72.1,69.8,7,7,No,73.4,Average
STD1261,64.4,66.1,2.4,58.0,54.5,7,5,No,50.7,Average
STD1262,75.3,50.9,2.9,50.1,54.7,6,7,Yes,57.6,Average
STD1263,35.5,65.1,5.6,52.7,60.4,5,3,No,54.2,Average
STD1264,63.2,56.1,2.8,53.9,43.5,6,5,Yes,55.4,Average
STD1265,72.8,59.9,5.3,57.5,64.7,5,10,No,58.8,Average
STD1266,60.4,76.2,2.0,60.4,59.9,6,5,Yes,54.7,Average
STD1267,96.4,91.4,6.0,86.6,83.7,9,10,Yes,85.5,High
STD1268,58.1,73.5,2.3,76.1,73.1,9,5,No,68.0,Average
STD1269,70.5,51.3,5.5,56.0,55.9,7,7,Yes,62.7,Average
STD1270,77.6,74.2,5.6,77.0,73.8,8,9,No,67.5,Average
STD1271,94.0,84.8,3.2,69.5,63.0,7,10,No,76.2,High
STD1272,58.1,59.5,5.5,57.1,59.2,6,6,Yes,56.7,Average
STD1273,90.5,66.1,5.0,60.5,66.7,6,8,Yes,69.8,Average
STD1274,76.1,68.2,3.5,54.8,50.2,4,9,Yes,58.2,Average
STD1275,63.7,57.0,2.7,50.7,52.3,5,6,No,52.6,Average
STD1276,81.8,77.1,1.0,81.2,63.8,8,9,Yes,75.2,High
STD1277,78.5,66.3,5.1,72.6,66.2,8,6,No,61.5,Average
STD1278,68.5,73.9,1.7,68.6,66.9,7,7,No,61.5,Average
STD1279,76.9,55.6,4.7,47.6,56.5,4,10,Yes,58.9,Average
STD1280,71.2,61.9,4.0,59.5,67.4,6,7,Yes,73.6,Average
STD1281,77.4,78.1,5.7,73.9,67.6,8,8,No,67.6,Average
STD1282,84.3,62.8,4.0,66.4,61.0,7,9,Yes,74.7,Average
STD1283,95.8,92.2,3.9,70.7,76.1,8,9,No,86.7,High
STD1284,60.5,62.4,5.8,51.6,55.1,6,7,Yes,58.6,Average
STD1285,100.0,71.1,5.1,73.6,74.3,7,10,Yes,74.9,Average
STD1286,51.6,81.1,5.1,70.1,86.7,6,5,No,67.5,Average
STD1287,74.1,48.1,5.3,37.8,50.3,3,9,No,49.4,Low
STD1288,83.4,43.3,1.7,53.0,45.5,6,8,Yes,46.3,Low
STD1289,79.5,46.6,5.9,56.0,55.1,7,9,Yes,58.6,Average
STD1290,68.2,85.7,5.6,79.6,73.9,8,9,No,81.1,High
STD1291,73.4,60.3,2.7,65.9,44.8,6,7,Yes,55.6,Average
STD1292,69.8,99.0,4.1,85.4,78.1,10,6,Yes,81.3,High
STD1293,68.6,60.1,4.4,53.3,49.0,6,6,No,47.5,Low
STD1294,86.6,70.6,4.3,55.8,72.9,6,9,Yes,70.9,Average
STD1295,80.5,89.6,5.1,75.9,77.5,6,7,Yes,79.8,High
STD1296,67.3,96.1,7.1,86.2,86.2,9,7,Yes,85.4,High
STD1297,87.2,96.9,6.4,95.2,94.3,9,9,No,88.3,High
STD1298,79.8,84.9,2.1,81.4,63.1,7,10,No,70.2,Average
STD1299,86.2,82.3,5.6,79.6,72.0,8,6,Yes,79.8,High
STD1300,83.9,76.3,6.9,75.3,76.2,7,9,Yes,77.0,High
STD1301,65.6,78.9,5.2,64.6,77.0,6,9,Yes,73.3,Average
STD1302,69.0,60.3,6.5,58.5,66.4,4,8,No,61.8,Average
STD1303,85.3,56.5,8.1,74.5,70.2,8,10,Yes,76.4,High
STD1304,83.6,68.0,6.3,60.7,67.8,7,9,No,70.1,Average
STD1305,75.7,65.6,4.9,76.4,68.4,6,7,Yes,69.9,Average
STD1306,77.5,61.7,6.4,60.2,65.4,7,6,No,69.6,Average
STD1307,92.0,77.7,4.8,85.5,67.2,8,9,Yes,79.0,High
STD1308,68.6,81.4,4.5,60.4,69.9,7,6,No,72.9,Average
STD1309,82.8,69.2,3.9,72.7,58.0,7,7,Yes,70.1,Average
STD1310,73.5,88.7,7.3,70.8,82.5,7,8,Yes,72.1,Average
STD1311,73.3,52.0,3.0,45.5,45.5,4,9,No,55.2,Average
STD1312,89.7,65.3,7.3,69.7,85.2,8,10,No,74.9,Average
STD1313,86.3,58.0,5.4,70.6,61.8,6,9,Yes,66.4,Average
STD1314,86.2,41.9,2.0,47.8,32.8,5,7,No,46.5,Low
STD1315,92.3,66.8,5.2,58.4,62.7,7,8,Yes,66.5,Average
STD1316,76.3,66.3,1.0,64.1,57.5,7,7,No,60.7,Average
STD1317,84.5,89.2,5.6,79.1,89.9,10,10,Yes,82.9,High
STD1318,72.1,76.8,6.1,73.6,70.2,7,8,Yes,78.4,High
STD1319,80.1,53.7,3.4,66.1,44.8,8,5,No,55.1,Average
STD1320,74.4,94.0,4.7,79.1,85.0,8,9,Yes,80.8,High
STD1321,77.2,85.1,8.0,89.3,77.4,10,10,No,77.3,High
STD1322,83.4,76.1,3.6,73.9,64.9,7,6,Yes,72.2,Average
STD1323,65.8,64.8,2.6,58.5,54.8,5,7,Yes,59.8,Average
STD1324,100.0,54.6,7.2,52.9,60.7,7,10,Yes,67.6,Average
STD1325,63.4,62.8,8.0,57.3,72.3,5,8,No,59.2,Average
STD1326,60.8,83.2,4.5,67.3,67.8,5,6,Yes,62.5,Average
STD1327,90.5,94.4,6.3,91.4,85.0,9,10,Yes,91.4,High
STD1328,85.9,89.6,6.9,83.8,84.1,9,9,No,89.1,High
STD1329,83.8,61.2,3.2,55.3,56.1,7,6,Yes,56.9,Average
STD1330,83.9,52.3,3.6,60.6,53.6,6,6,No,63.1,Average
STD1331,75.8,70.0,6.7,71.8,74.1,8,10,No,72.3,Average
STD1332,64.8,43.2,7.5,60.4,62.8,5,9,Yes,58.9,Average
STD1333,76.9,72.5,5.5,75.1,72.9,7,8,No,68.9,Average
STD1334,67.5,65.9,2.9,67.9,62.3,6,6,No,55.1,Average
STD1335,88.2,61.5,8.1,66.0,59.8,6,9,Yes,72.5,Average
STD1336,74.2,45.7,3.5,55.8,48.8,6,6,No,47.9,Low
STD1337,65.7,75.2,3.9,76.1,71.0,8,6,No,65.0,Average
STD1338,72.0,60.5,5.1,50.5,63.0,5,5,No,62.1,Average
STD1339,81.2,51.6,7.3,55.5,56.3,6,8,No,50.7,Average
STD1340,69.0,30.0,6.0,37.0,38.9,4,7,Yes,37.5,Low
STD1341,65.7,67.6,5.2,65.4,62.0,6,8,Yes,65.1,Average
STD1342,79.0,92.8,5.3,89.4,86.3,9,8,Yes,86.7,High
STD1343,79.1,91.3,4.6,74.9,83.8,7,9,Yes,82.8,High
STD1344,69.7,61.6,5.5,42.5,56.1,4,9,Yes,56.8,Average
STD1345,70.1,59.6,1.0,56.3,54.9,6,7,No,65.2,Average
STD1346,78.9,74.6,4.0,77.0,68.9,8,8,No,69.2,Average
STD1347,57.9,54.0,4.9,57.0,55.5,5,6,No,52.6,Average
STD1348,58.4,72.2,2.4,66.3,59.9,8,4,No,57.2,Average
STD1349,67.0,78.7,5.2,67.0,75.7,6,8,No,70.0,Average
STD1350,73.3,85.2,4.1,64.8,73.4,6,10,Yes,76.1,High
STD1351,79.9,66.6,7.7,69.9,85.3,10,10,No,79.5,High
STD1352,94.4,65.1,7.3,63.0,63.7,5,10,Yes,63.7,Average
STD1353,86.7,55.7,3.7,78.3,61.4,6,7,No,62.1,Average
STD1354,74.0,56.4,4.2,63.0,53.8,7,6,No,59.4,Average
STD1355,75.8,64.8,4.4,59.5,55.6,4,9,Yes,64.5,Average
STD1356,63.5,73.1,3.7,60.4,63.4,6,7,No,62.1,Average
STD1357,75.8,80.8,4.9,72.0,73.3,9,10,Yes,77.8,High
STD1358,72.4,56.8,3.1,56.7,70.7,4,7,Yes,57.7,Average
STD1359,80.0,88.9,2.5,86.7,72.6,7,6,No,81.6,High
STD1360,65.7,64.2,5.6,62.1,57.2,5,7,Yes,66.3,Average
STD1361,82.5,67.7,5.6,61.8,67.4,7,7,Yes,63.0,Average
STD1362,95.2,57.5,3.1,79.5,45.5,9,8,No,57.7,Average
STD1363,74.6,34.1,6.1,47.0,46.5,4,9,No,43.1,Low
STD1364,81.0,80.4,3.4,79.7,70.3,9,9,No,76.0,High
STD1365,84.6,78.3,5.0,69.2,75.7,8,9,No,67.7,Average
STD1366,71.0,64.1,6.0,64.8,71.2,8,6,Yes,66.4,Average
STD1367,78.8,68.9,4.4,69.3,62.0,7,8,Yes,69.8,Average
STD1368,76.2,75.2,5.3,55.5,66.6,3,7,No,63.9,Average
STD1369,77.2,46.1,3.6,69.1,46.9,6,9,No,55.5,Average
STD1370,66.3,60.6,4.1,68.6,53.2,6,6,Yes,56.0,Average
STD1371,76.3,79.1,4.1,68.9,71.1,7,6,No,71.9,Average
STD1372,82.2,50.4,3.2,49.5,41.1,5,8,No,47.9,Low
STD1373,94.1,72.1,4.2,75.6,64.7,9,8,No,69.5,Average
STD1374,88.0,49.0,1.7,59.2,40.5,7,10,No,53.8,Average
STD1375,100.0,74.5,3.6,78.7,71.0,8,9,Yes,76.8,High
STD1376,66.4,67.5,4.0,64.2,73.0,8,5,No,64.5,Average
STD1377,86.9,45.4,4.0,60.1,42.6,6,6,No,49.3,Low
STD1378,78.3,84.3,4.1,86.1,64.0,9,8,Yes,75.0,High
STD1379,100.0,57.7,4.4,71.0,58.8,8,9,No,65.4,Average
STD1380,65.9,56.7,5.4,48.7,57.0,5,6,Yes,51.4,Average
STD1381,65.5,70.8,6.1,74.5,72.2,10,9,Yes,70.6,Average
STD1382,68.5,84.1,3.3,84.7,70.3,7,8,Yes,76.4,High
STD1383,49.5,53.8,2.3,74.1,52.1,7,5,Yes,50.5,Average
STD1384,69.4,68.9,2.6,55.9,60.1,5,8,Yes,66.6,Average
STD1385,66.5,74.0,3.6,68.1,71.6,7,8,No,72.0,Average
STD1386,77.9,77.7,3.9,55.9,53.6,7,7,Yes,60.0,Average
STD1387,80.3,70.5,3.1,72.4,61.0,7,6,Yes,73.2,Average
STD1388,99.5,62.9,2.2,65.3,57.0,5,10,Yes,64.7,Average
STD1389,87.9,56.4,3.7,77.1,52.9,9,9,Yes,67.2,Average
STD1390,68.8,69.2,4.8,58.5,74.3,7,8,No,63.3,Average
STD1391,64.8,53.0,5.6,41.6,50.4,2,6,No,53.4,Average
STD1392,82.1,30.0,3.5,43.0,37.7,4,9,No,44.5,Low
STD1393,59.5,74.1,3.8,49.6,65.3,3,5,No,55.2,Average
STD1394,98.9,80.7,2.8,84.7,66.5,8,9,Yes,72.5,Average
STD1395,90.7,34.9,4.4,36.1,30.3,3,10,No,36.7,Low
STD1396,70.1,53.9,3.0,56.5,48.8,6,6,No,53.4,Average
STD1397,54.6,76.7,5.5,48.9,73.6,5,5,No,64.9,Average
STD1398,92.9,96.8,1.3,83.9,72.2,7,7,No,80.6,High
STD1399,74.6,68.3,3.9,77.8,59.9,9,9,No,65.8,Average
STD1400,91.5,57.8,5.0,67.1,66.0,5,10,No,59.9,Average
STD1401,56.1,65.4,4.8,52.2,58.8,6,6,Yes,56.4,Average
STD1402,68.5,87.2,9.3,73.9,83.8,7,8,No,83.4,High
STD1403,76.1,59.0,5.1,60.9,60.9,6,9,Yes,61.2,Average
STD1404,76.6,56.8,2.7,63.2,58.1,7,6,Yes,61.1,Average
STD1405,70.4,61.2,4.3,50.1,71.3,6,8,Yes,58.4,Average
STD1406,83.8,54.7,1.3,65.0,54.4,8,7,Yes,61.5,Average
STD1407,62.7,69.7,4.4,42.6,66.8,4,6,Yes,58.6,Average
STD1408,74.2,90.7,3.0,73.0,70.1,8,6,Yes,79.3,High
STD1409,77.5,72.5,6.1,64.9,63.8,6,8,No,69.9,Average
STD1410,82.4,64.5,3.5,70.3,61.1,7,8,No,61.9,Average
STD1411,84.9,63.9,4.3,66.1,62.1,7,9,No,63.9,Average
STD1412,61.9,46.1,3.4,39.2,38.5,4,2,Yes,42.4,Low
STD1413,56.8,80.4,7.6,59.7,75.4,4,6,No,61.6,Average
STD1414,92.0,66.9,3.9,71.0,65.5,7,9,No,64.1,Average
STD1415,80.2,65.5,7.8,64.9,72.6,7,10,Yes,72.5,Average
STD1416,66.6,99.0,6.0,75.8,88.0,7,6,No,81.5,High
STD1417,95.4,72.2,5.4,69.8,70.7,6,10,No,72.2,Average
STD1418,77.4,57.5,5.2,65.5,57.2,8,10,Yes,62.8,Average
STD1419,90.7,62.0,5.2,62.6,59.0,7,8,No,67.7,Average
STD1420,76.8,84.1,1.0,74.1,58.1,7,7,No,67.0,Average
STD1421,100.0,69.6,4.0,89.5,79.0,8,9,Yes,82.1,High
STD1422,97.9,47.9,6.0,50.1,54.5,4,10,Yes,52.3,Average
STD1423,72.9,80.9,4.4,58.0,67.3,7,7,Yes,52.9,Average
STD1424,88.1,58.6,2.0,69.8,48.4,7,7,Yes,62.5,Average
STD1425,84.1,94.2,4.4,77.3,96.8,7,10,Yes,80.0,High
STD1426,93.1,83.1,7.6,76.4,74.6,8,10,Yes,80.3,High
STD1427,63.9,61.7,6.7,53.0,61.1,4,9,Yes,60.0,Average
STD1428,84.6,85.9,4.4,76.0,77.2,9,9,No,83.5,High
STD1429,89.2,68.9,6.2,81.9,75.4,10,8,Yes,79.0,High
STD1430,54.0,79.9,3.8,72.1,75.4,7,6,Yes,71.1,Average
STD1431,61.2,74.8,1.4,71.7,72.0,7,7,Yes,71.2,Average
STD1432,50.5,56.2,2.8,41.4,52.2,2,4,No,48.0,Low
STD1433,72.6,59.0,7.3,51.1,56.9,4,10,Yes,59.1,Average
STD1434,85.0,82.4,4.0,54.8,66.3,4,9,Yes,74.2,Average
STD1435,94.8,63.3,4.1,62.3,61.7,6,10,Yes,62.4,Average
STD1436,76.9,62.3,4.0,70.0,73.1,7,7,No,66.9,Average
STD1437,96.4,54.6,7.9,67.9,57.5,5,9,No,57.9,Average
STD1438,58.7,73.9,7.4,62.5,80.5,6,7,Yes,72.0,Average
STD1439,54.7,96.9,8.5,75.4,91.0,8,9,Yes,84.6,High
STD1440,75.3,53.1,4.2,52.1,58.1,6,5,No,62.2,Average
STD1441,80.8,68.3,5.0,68.7,65.4,5,6,No,58.8,Average
STD1442,75.6,87.8,1.8,82.2,65.5,8,7,Yes,71.7,Average
STD1443,50.2,66.9,7.2,45.7,70.3,3,6,No,61.8,Average
STD1444,74.9,74.3,2.4,71.1,67.1,8,7,No,68.1,Average
STD1445,59.7,53.1,4.9,59.9,62.1,7,8,Yes,60.2,Average
STD1446,84.4,74.0,2.5,68.2,62.6,6,7,No,61.6,Average
STD1447,80.6,65.4,3.4,70.8,57.5,6,6,No,59.8,Average
STD1448,64.3,81.8,3.0,91.1,62.9,9,9,No,76.4,High
STD1449,69.6,84.6,3.4,72.2,75.9,5,6,Yes,72.7,Average
STD1450,62.8,99.0,3.5,82.0,82.9,9,5,Yes,82.4,High
STD1451,75.2,76.1,3.5,64.4,59.6,6,9,Yes,66.7,Average
STD1452,87.9,72.6,6.0,72.9,68.0,8,9,Yes,69.0,Average
STD1453,63.7,70.7,2.5,67.2,58.0,6,6,No,64.2,Average
STD1454,82.3,63.1,4.9,66.2,53.6,6,9,No,64.0,Average
STD1455,69.4,72.7,6.7,58.8,65.3,4,9,No,74.3,Average
STD1456,66.1,63.9,3.6,62.2,52.1,5,6,No,52.4,Average
STD1457,74.7,70.4,3.2,77.6,61.9,7,9,Yes,72.1,Average
STD1458,63.1,86.4,4.1,75.6,69.7,9,4,No,65.2,Average
STD1459,69.1,53.9,6.6,63.2,51.7,6,9,No,58.3,Average
STD1460,61.0,84.0,4.8,68.5,85.5,7,6,Yes,79.0,High
STD1461,100.0,86.4,3.5,88.2,82.9,8,10,No,73.3,Average
STD1462,76.4,66.3,5.4,67.0,60.8,5,8,Yes,65.1,Average
STD1463,67.3,38.3,2.5,39.8,40.8,4,6,No,39.5,Low
STD1464,78.7,59.5,5.7,64.1,64.8,7,9,Yes,63.2,Average
STD1465,74.6,86.2,5.2,67.8,82.4,6,9,Yes,78.8,High
STD1466,73.2,67.7,3.9,60.0,56.4,7,8,No,65.6,Average
STD1467,83.7,54.0,3.0,61.6,59.0,5,7,No,57.2,Average
STD1468,85.5,60.9,2.9,66.7,53.5,6,8,Yes,63.5,Average
STD1469,69.4,79.8,5.5,61.4,63.3,7,8,Yes,69.7,Average
STD1470,68.8,75.7,6.7,75.8,79.4,7,8,Yes,75.3,High
STD1471,72.6,64.7,3.4,67.2,67.6,7,8,No,59.0,Average
STD1472,47.2,62.9,5.3,49.5,75.6,5,3,No,62.3,Average
STD1473,57.1,62.5,1.0,45.8,41.6,5,5,No,48.9,Low
STD1474,93.1,55.1,3.4,62.3,58.5,4,9,Yes,64.0,Average
STD1475,96.6,90.6,4.4,80.5,75.6,6,9,No,75.7,High
STD1476,72.9,63.5,2.9,63.2,61.9,7,6,Yes,61.0,Average
STD1477,83.2,85.0,2.8,74.3,61.3,8,8,No,69.9,Average
STD1478,79.9,89.3,3.3,63.4,63.7,5,3,Yes,63.9,Average
STD1479,100.0,82.0,5.0,77.2,69.8,7,9,Yes,71.4,Average
STD1480,90.0,62.0,4.2,64.0,60.2,7,8,No,60.9,Average
STD1481,74.4,73.7,1.0,73.1,56.0,8,7,Yes,67.9,Average
STD1482,64.1,67.7,1.0,56.9,57.6,4,5,No,52.7,Average
STD1483,55.9,55.3,3.4,65.7,61.2,6,6,No,51.7,Average
STD1484,78.5,72.5,5.3,54.6,69.6,5,10,Yes,64.9,Average
STD1485,66.5,51.5,1.0,63.8,56.6,7,7,Yes,54.6,Average
STD1486,58.2,84.6,3.6,68.2,73.1,9,7,No,67.9,Average
STD1487,67.9,61.5,3.6,66.3,51.2,6,6,No,66.3,Average
STD1488,62.5,70.8,7.0,64.0,79.2,5,8,Yes,74.7,Average
STD1489,97.1,72.0,3.8,82.3,64.0,9,9,Yes,79.1,High
STD1490,87.0,64.4,5.2,63.9,68.9,8,9,No,72.0,Average
STD1491,75.9,76.2,4.8,61.9,77.3,6,8,Yes,67.5,Average
STD1492,94.5,61.4,1.0,77.9,57.4,7,7,Yes,60.7,Average
STD1493,77.0,80.2,5.9,71.8,65.6,8,10,Yes,69.4,Average
STD1494,65.2,49.2,4.9,54.0,47.6,6,7,No,57.0,Average
STD1495,95.0,69.8,5.4,81.2,78.1,7,10,No,72.8,Average
STD1496,82.7,95.1,10.0,74.8,91.5,8,10,No,80.8,High
STD1497,63.0,54.0,1.0,58.8,47.6,7,7,No,49.3,Low
STD1498,73.6,58.5,7.6,55.4,69.1,7,7,No,61.9,Average
STD1499,65.1,75.2,4.0,65.6,70.4,6,7,Yes,69.3,Average
STD1500,58.7,70.5,5.0,62.8,67.5,6,8,No,64.3,Average
STD1501,87.6,72.9,4.4,60.4,63.9,7,10,Yes,66.1,Average
STD1502,99.9,74.8,3.7,70.3,64.6,6,8,No,72.8,Average
STD1503,58.5,76.9,3.5,75.8,73.1,8,5,No,65.0,Average
STD1504,83.0,83.5,5.1,82.8,79.9,7,10,Yes,79.6,High
STD1505,67.9,73.7,1.8,66.1,58.8,8,5,No,64.6,Average
STD1506,69.9,64.6,5.9,63.9,71.6,6,7,No,61.9,Average
STD1507,68.6,77.4,3.8,66.6,66.3,8,9,Yes,67.2,Average
STD1508,65.2,94.6,2.5,87.5,71.6,9,6,No,77.7,High
STD1509,76.6,66.1,3.7,63.3,56.0,5,7,Yes,59.2,Average
STD1510,65.6,54.4,6.8,57.0,54.9,7,7,Yes,57.8,Average
STD1511,79.4,83.5,3.5,83.7,71.4,10,8,No,77.4,High
STD1512,75.4,66.3,5.1,58.7,70.7,7,6,Yes,75.5,High
STD1513,73.0,37.6,3.2,59.8,39.6,5,7,No,49.4,Low
STD1514,64.7,79.9,5.9,57.6,72.6,5,8,Yes,71.6,Average
STD1515,68.8,60.5,5.7,71.8,60.4,7,9,No,65.1,Average
STD1516,85.4,66.7,7.8,64.8,69.6,6,10,No,64.6,Average
STD1517,82.3,72.6,4.2,68.2,56.9,9,7,Yes,68.9,Average
STD1518,63.8,70.7,5.7,49.6,63.6,5,9,Yes,63.3,Average
STD1519,77.2,77.9,4.7,68.1,68.6,4,8,No,69.4,Average
STD1520,85.4,61.9,6.8,57.2,68.0,6,8,No,65.4,Average
STD1521,55.1,75.2,3.2,59.2,64.5,6,5,Yes,64.8,Average
STD1522,82.8,64.4,5.8,64.6,57.9,6,10,Yes,65.1,Average
STD1523,67.7,78.3,4.1,76.2,76.9,7,7,Yes,73.6,Average
STD1524,83.1,76.6,4.4,74.0,70.9,8,8,Yes,68.9,Average
STD1525,66.5,54.9,4.7,58.1,57.5,7,9,Yes,58.2,Average
STD1526,53.4,83.2,5.0,59.5,71.3,6,4,Yes,73.7,Average
STD1527,55.7,60.5,4.3,49.3,53.3,5,5,No,53.8,Average
STD1528,76.6,79.3,4.9,85.6,75.8,9,6,No,74.8,Average
STD1529,79.2,73.1,7.3,63.9,75.8,6,9,No,78.8,High
STD1530,64.7,93.7,6.3,89.1,75.3,8,8,No,73.1,Average
STD1531,84.0,64.9,6.1,64.4,62.6,7,10,No,61.2,Average
STD1532,55.2,63.1,3.7,57.2,56.3,6,6,No,62.7,Average
STD1533,75.2,67.7,2.9,73.3,63.0,9,7,No,65.3,Average
STD1534,60.9,63.8,6.2,68.6,73.7,8,7,No,64.5,Average
STD1535,67.9,79.2,6.1,68.7,69.3,6,8,No,64.1,Average
STD1536,76.6,45.4,7.2,50.5,53.0,6,7,Yes,58.5,Average
STD1537,65.2,53.2,3.4,54.1,48.6,4,10,No,54.1,Average
STD1538,71.2,53.1,4.1,58.6,49.3,7,8,No,50.1,Average
STD1539,88.6,81.3,1.5,83.2,64.9,8,8,No,71.3,Average
STD1540,68.8,91.9,3.8,76.9,81.1,7,8,No,74.6,Average
STD1541,86.4,66.5,6.3,72.4,62.5,8,10,No,69.7,Average
STD1542,61.9,65.6,3.7,72.7,64.7,5,6,No,56.9,Average
STD1543,82.6,69.0,5.7,70.9,58.0,5,8,Yes,73.1,Average
STD1544,94.0,84.3,4.2,82.0,71.1,8,10,No,80.9,High
STD1545,45.1,55.0,5.1,38.5,51.4,4,6,Yes,48.5,Low
STD1546,66.0,71.3,2.4,45.0,66.6,4,5,No,56.8,Average
STD1547,83.2,81.7,4.7,78.1,72.0,6,10,Yes,75.7,High
STD1548,73.5,75.0,1.0,68.1,46.3,6,7,Yes,58.7,Average
STD1549,80.6,70.7,4.2,64.6,52.2,7,9,Yes,63.7,Average
STD1550,68.5,82.0,1.6,73.1,65.6,8,8,No,66.5,Average
STD1551,77.1,30.2,6.7,44.7,49.7,4,9,Yes,56.8,Average
STD1552,74.1,77.5,5.9,78.8,76.9,9,9,Yes,81.0,High
STD1553,90.6,58.8,5.3,65.4,62.3,7,10,No,68.6,Average
STD1554,79.2,42.4,7.2,46.9,60.9,4,8,Yes,58.5,Average
STD1555,80.2,75.2,2.8,78.2,62.7,8,8,Yes,66.2,Average
STD1556,70.9,87.2,7.6,73.2,88.0,6,9,No,78.2,High
STD1557,69.9,66.1,6.2,66.9,57.4,7,7,Yes,69.4,Average
STD1558,70.6,81.3,4.1,67.9,64.6,8,10,Yes,66.0,Average
STD1559,80.9,90.6,6.5,74.6,71.1,8,7,No,79.2,High
STD1560,70.7,86.4,2.5,75.0,68.6,9,5,No,80.3,High
STD1561,79.6,91.0,3.0,79.4,74.3,8,9,No,80.6,High
STD1562,100.0,78.4,3.4,81.7,70.4,10,10,No,82.2,High
STD1563,86.9,69.1,3.5,67.3,62.9,7,7,No,66.5,Average
STD1564,71.9,45.6,2.6,38.4,37.1,5,8,Yes,50.9,Average
STD1565,91.0,64.6,6.7,64.7,66.2,6,10,Yes,67.2,Average
STD1566,70.9,56.2,4.0,63.7,47.5,7,7,Yes,61.6,Average
STD1567,50.5,98.4,5.1,73.0,90.3,9,9,Yes,83.9,High
STD1568,63.4,65.5,3.5,58.9,57.1,6,4,No,58.5,Average
STD1569,52.6,69.7,1.2,67.5,54.4,7,6,No,62.7,Average
STD1570,71.6,75.7,5.0,63.4,78.0,8,9,Yes,70.3,Average
STD1571,76.2,68.6,1.1,54.5,46.3,5,8,No,54.7,Average
STD1572,97.0,91.7,4.4,83.4,72.3,7,9,Yes,82.5,High
STD1573,80.1,59.3,2.0,58.4,45.6,8,7,Yes,53.7,Average
STD1574,73.3,70.7,8.1,59.2,72.2,5,9,No,68.6,Average
STD1575,86.4,57.6,6.1,61.6,64.4,6,10,Yes,59.0,Average
STD1576,48.4,49.5,4.7,51.5,56.7,6,6,Yes,57.4,Average
STD1577,78.9,59.4,6.8,61.7,79.8,6,10,Yes,70.0,Average
STD1578,85.6,67.5,3.0,70.4,47.5,6,7,Yes,61.4,Average
STD1579,57.5,62.0,5.5,70.8,68.0,7,6,No,58.9,Average
STD1580,90.3,58.3,4.9,61.8,55.8,4,8,No,59.3,Average
STD1581,80.2,48.3,5.0,58.1,50.2,6,8,Yes,60.4,Average
STD1582,70.8,66.8,6.8,59.8,63.9,6,9,Yes,68.7,Average
STD1583,83.9,46.9,5.8,50.0,48.0,5,9,No,50.5,Average
STD1584,100.0,78.6,5.0,73.9,82.2,6,10,No,73.7,Average
STD1585,78.3,69.2,1.5,63.4,62.0,8,7,Yes,67.8,Average
STD1586,79.1,47.6,2.8,58.0,48.2,6,8,Yes,52.1,Average
STD1587,70.3,63.7,4.3,79.3,72.1,9,7,No,67.7,Average
STD1588,65.4,57.5,4.7,51.5,47.2,5,6,No,53.0,Average
STD1589,86.4,72.5,2.5,67.9,53.8,6,8,Yes,67.3,Average
STD1590,65.3,86.8,8.8,72.5,72.0,8,10,Yes,81.5,High
STD1591,76.9,41.7,7.2,54.5,50.9,5,9,Yes,50.7,Average
STD1592,70.0,69.6,5.6,66.9,68.6,6,7,Yes,60.1,Average
STD1593,82.0,65.8,4.6,75.8,65.8,9,7,Yes,67.9,Average
STD1594,80.2,77.4,4.1,53.8,66.2,5,8,No,72.8,Average
STD1595,89.0,71.0,2.8,53.1,50.3,3,8,Yes,70.0,Average
STD1596,69.6,57.5,4.6,54.4,61.6,7,9,Yes,68.7,Average
STD1597,72.6,63.5,5.0,70.5,65.2,7,6,Yes,65.6,Average
STD1598,63.8,56.9,2.3,44.4,53.1,4,6,No,42.7,Low
STD1599,70.4,83.1,5.1,49.9,58.4,3,8,Yes,55.4,Average
STD1600,80.7,68.3,4.2,71.4,66.4,9,6,Yes,67.1,Average
STD1601,85.5,94.6,1.1,84.8,65.7,7,6,Yes,76.1,High
STD1602,64.5,67.2,3.0,53.8,55.0,5,6,No,61.6,Average
STD1603,86.9,58.1,3.8,55.9,58.4,7,8,Yes,65.9,Average
STD1604,92.9,46.8,7.9,51.5,59.2,6,10,Yes,63.2,Average
STD1605,81.2,42.8,5.5,54.1,46.3,5,8,Yes,50.6,Average
STD1606,99.5,45.8,2.1,55.4,45.1,4,8,No,48.4,Low
STD1607,66.3,71.7,5.4,68.7,59.3,6,8,Yes,67.5,Average
STD1608,60.4,75.1,1.7,43.8,63.3,5,8,No,60.6,Average
STD1609,53.8,45.9,6.4,40.9,51.3,3,9,No,49.4,Low
STD1610,94.7,80.5,3.7,69.4,75.6,7,7,No,69.1,Average
STD1611,84.2,61.2,4.3,62.3,56.3,7,9,Yes,66.8,Average
STD1612,75.3,70.1,6.9,62.6,66.9,7,8,No,68.7,Average
STD1613,79.5,90.6,2.2,85.1,69.0,7,8,Yes,72.6,Average
STD1614,61.9,80.6,2.0,54.7,67.2,8,5,Yes,62.2,Average
STD1615,100.0,64.2,3.4,70.7,56.3,8,10,No,69.1,Average
STD1616,77.6,55.5,6.4,63.5,65.6,6,9,Yes,64.0,Average
STD1617,77.4,37.9,1.8,63.4,39.6,7,6,Yes,57.0,Average
STD1618,85.1,57.9,1.0,59.1,37.3,8,6,Yes,57.6,Average
STD1619,82.0,65.0,3.7,68.2,57.6,5,8,No,60.2,Average
STD1620,78.8,54.2,5.5,45.3,48.3,4,9,Yes,55.9,Average
STD1621,66.1,66.2,6.7,44.0,64.1,2,8,No,58.6,Average
STD1622,81.9,69.1,3.7,74.3,57.0,8,9,No,62.7,Average
STD1623,99.5,64.9,3.8,70.5,67.1,7,9,No,64.6,Average
STD1624,92.8,58.9,6.6,74.2,65.5,7,10,Yes,73.7,Average
STD1625,95.9,70.4,1.1,62.3,55.3,6,10,No,66.7,Average
STD1626,69.6,74.2,3.8,71.2,70.4,5,8,Yes,71.8,Average
STD1627,63.6,52.7,4.8,67.8,63.3,7,7,Yes,67.7,Average
STD1628,74.4,87.8,5.3,79.3,78.3,9,8,Yes,77.4,High
STD1629,76.7,66.6,3.6,67.2,56.7,6,8,Yes,71.4,Average
STD1630,89.7,68.3,4.6,69.7,54.4,7,8,Yes,63.8,Average
STD1631,54.8,77.9,1.0,53.4,53.9,4,5,Yes,53.8,Average
STD1632,95.1,71.3,3.3,83.0,62.5,9,10,Yes,66.6,Average
STD1633,74.0,81.3,5.3,67.9,73.7,6,9,Yes,71.8,Average
STD1634,70.7,72.0,2.7,70.2,60.5,6,6,No,60.8,Average
STD1635,63.3,59.4,4.6,45.7,60.0,4,7,No,56.8,Average
STD1636,55.3,73.1,5.3,53.8,62.3,5,5,No,60.7,Average
STD1637,86.3,52.0,3.9,70.5,55.1,7,9,Yes,57.6,Average
STD1638,76.9,69.5,4.8,64.2,72.2,5,8,Yes,67.2,Average
STD1639,59.9,67.5,2.8,71.8,62.8,7,6,No,59.9,Average
STD1640,59.8,65.1,4.1,59.0,59.9,6,6,Yes,53.3,Average
STD1641,71.8,66.2,5.6,49.7,58.9,4,8,No,54.9,Average
STD1642,96.9,41.7,4.8,63.7,47.3,8,9,Yes,55.9,Average
STD1643,72.8,60.3,3.4,56.1,50.5,5,8,No,61.6,Average
STD1644,57.2,69.3,4.9,66.4,62.4,6,6,Yes,64.8,Average
STD1645,72.9,70.2,5.8,66.2,72.8,6,10,Yes,73.3,Average
STD1646,72.6,53.6,1.0,45.2,42.9,6,8,No,42.3,Low
STD1647,42.3,85.7,6.6,67.2,70.0,7,5,No,72.3,Average
STD1648,75.3,55.9,3.9,75.3,69.0,7,8,Yes,71.6,Average
STD1649,73.1,81.6,5.3,76.0,76.6,9,7,No,65.6,Average
STD1650,84.7,74.0,6.7,71.0,64.7,7,9,No,67.4,Average
STD1651,99.1,59.0,2.0,75.2,52.7,8,10,Yes,68.1,Average
STD1652,90.1,92.9,3.2,84.9,77.8,8,8,Yes,85.1,High
STD1653,72.6,51.3,4.0,57.1,62.8,5,8,Yes,56.2,Average
STD1654,62.2,80.9,3.1,60.7,59.3,6,7,Yes,63.9,Average
STD1655,100.0,82.0,7.6,81.9,87.5,8,10,No,81.0,High
STD1656,76.7,58.6,3.0,68.5,64.5,9,6,Yes,65.0,Average
STD1657,76.2,87.5,3.5,70.2,68.4,6,6,Yes,78.0,High
STD1658,75.7,64.5,4.9,74.4,63.1,9,7,Yes,65.0,Average
STD1659,78.5,72.0,2.3,67.9,55.0,7,4,No,66.1,Average
STD1660,74.2,71.6,3.8,60.5,61.8,6,8,Yes,62.3,Average
STD1661,68.8,66.1,5.1,70.1,65.0,8,10,Yes,64.4,Average
STD1662,69.2,79.4,3.9,67.9,72.6,6,7,Yes,74.2,Average
STD1663,75.6,79.1,4.3,77.4,78.0,9,6,No,77.2,High
STD1664,69.2,43.5,3.5,48.1,41.4,2,6,Yes,51.2,Average
STD1665,67.1,86.3,1.8,72.8,56.1,7,6,No,60.0,Average
STD1666,77.3,44.7,5.1,57.0,51.8,5,7,Yes,53.7,Average
STD1667,72.8,82.5,7.7,74.9,82.4,6,10,Yes,82.5,High
STD1668,94.8,83.8,4.5,64.7,73.2,6,10,Yes,76.5,High
STD1669,42.9,52.7,4.9,39.6,50.1,4,4,No,41.3,Low
STD1670,89.6,62.2,5.7,73.3,66.3,8,10,No,70.5,Average
STD1671,91.6,52.5,2.2,60.5,58.8,6,10,No,55.8,Average
STD1672,50.1,65.0,7.6,52.8,69.5,5,9,No,68.2,Average
STD1673,71.7,63.7,4.9,51.9,57.7,6,10,Yes,68.2,Average
STD1674,71.4,78.9,7.4,62.3,72.8,6,7,Yes,74.9,Average
STD1675,58.4,86.3,3.2,55.7,66.9,7,9,Yes,73.8,Average
STD1676,66.3,87.5,7.8,72.9,92.8,8,8,No,79.9,High
STD1677,62.1,60.1,5.9,53.0,59.7,5,6,No,60.1,Average
STD1678,97.9,65.1,5.5,63.0,64.2,5,10,Yes,75.5,High
STD1679,87.7,44.4,4.9,55.5,48.2,5,8,Yes,57.1,Average
STD1680,91.9,56.7,4.1,66.7,64.0,6,9,Yes,64.9,Average
STD1681,85.0,81.5,6.7,91.3,92.8,9,8,No,76.3,High
STD1682,61.9,90.6,4.8,62.8,78.0,7,6,Yes,73.7,Average
STD1683,69.4,50.7,1.0,63.0,46.9,7,8,Yes,57.9,Average
STD1684,82.1,59.7,2.5,70.1,56.1,7,8,Yes,67.2,Average
STD1685,60.7,67.6,4.2,55.4,46.6,6,7,No,57.6,Average
STD1686,84.9,71.9,5.1,71.9,72.9,7,9,Yes,71.1,Average
STD1687,73.0,56.7,4.4,55.2,56.7,5,9,No,48.5,Low
STD1688,71.3,73.9,6.7,69.0,75.4,6,6,Yes,70.0,Average
STD1689,84.9,61.4,1.0,75.8,50.0,6,8,No,58.4,Average
STD1690,81.6,67.8,4.8,71.7,63.3,6,8,No,64.7,Average
STD1691,71.5,75.6,1.2,72.4,58.8,8,7,Yes,69.2,Average
STD1692,90.5,68.1,5.9,66.6,73.6,6,10,Yes,81.0,High
STD1693,62.5,61.9,4.3,47.4,54.5,5,5,Yes,56.9,Average
STD1694,83.7,66.5,5.3,65.4,77.4,7,8,Yes,70.6,Average
STD1695,83.4,66.8,2.9,76.1,64.3,8,6,No,65.1,Average
STD1696,72.1,62.8,6.8,50.3,56.1,4,8,Yes,61.4,Average
STD1697,80.1,64.4,6.4,56.9,64.1,7,10,Yes,63.4,Average
STD1698,60.4,90.4,5.6,74.6,75.5,9,7,Yes,77.4,High
STD1699,87.6,75.9,4.3,65.8,54.2,5,7,Yes,69.3,Average
STD1700,73.7,63.9,5.5,56.8,72.2,5,7,No,64.1,Average
STD1701,69.5,77.8,3.2,66.0,70.1,8,5,Yes,71.2,Average
STD1702,89.1,63.3,6.0,56.5,66.7,6,8,No,66.6,Average
STD1703,67.2,84.4,7.5,64.9,80.1,4,9,No,65.4,Average
STD1704,58.4,73.2,6.4,68.9,63.5,5,6,Yes,69.3,Average
STD1705,56.5,66.5,3.2,49.6,53.9,5,7,Yes,53.9,Average
STD1706,83.6,74.3,5.2,59.3,72.4,5,9,No,63.6,Average
STD1707,60.0,46.0,2.2,44.4,36.8,4,6,Yes,40.5,Low
STD1708,97.9,52.2,5.5,68.6,43.9,7,10,Yes,64.5,Average
STD1709,50.0,51.3,5.3,47.7,52.6,6,7,Yes,51.8,Average
STD1710,97.2,70.0,1.1,69.2,56.7,7,9,Yes,60.5,Average
STD1711,78.6,92.3,2.4,80.1,74.7,9,8,No,78.4,High
STD1712,74.8,99.0,4.0,69.3,83.3,8,8,Yes,74.9,Average
STD1713,69.2,76.9,4.0,72.4,72.3,9,7,Yes,72.7,Average
STD1714,81.0,75.0,2.3,73.8,65.4,8,8,No,69.0,Average
STD1715,75.5,42.8,5.2,48.6,56.8,3,8,No,55.3,Average
STD1716,89.8,60.4,5.0,72.9,53.6,8,9,Yes,74.2,Average
STD1717,77.4,57.0,4.2,51.6,57.8,6,8,No,51.4,Average
STD1718,77.9,59.3,3.1,69.9,60.9,7,7,Yes,63.6,Average
STD1719,71.5,65.6,6.4,64.3,59.6,8,7,No,62.3,Average
STD1720,75.3,61.4,7.5,59.3,57.5,7,9,Yes,66.6,Average
STD1721,79.8,40.3,3.6,51.4,40.7,6,9,Yes,51.9,Average
STD1722,54.6,78.5,3.4,64.6,62.4,8,7,No,61.9,Average
STD1723,59.1,53.0,5.4,61.9,62.3,7,5,Yes,57.5,Average
STD1724,85.3,71.3,3.9,62.0,59.7,4,10,No,59.3,Average
STD1725,78.1,97.0,4.2,76.5,74.9,7,8,Yes,84.1,High
STD1726,73.7,55.1,5.8,65.7,57.0,8,9,No,62.5,Average
STD1727,76.2,32.6,1.1,41.8,39.9,3,6,No,44.1,Low
STD1728,80.3,64.0,6.9,71.4,68.9,7,9,Yes,69.4,Average
STD1729,69.3,83.4,4.6,85.0,74.7,7,8,No,71.4,Average
STD1730,66.3,95.4,3.8,75.0,77.1,9,5,Yes,73.3,Average
STD1731,78.4,50.8,4.3,62.0,62.0,8,9,No,61.1,Average
STD1732,63.8,75.0,4.4,57.4,61.1,5,8,Yes,60.0,Average
STD1733,81.1,61.5,1.4,69.2,61.8,7,7,No,69.0,Average
STD1734,54.7,66.5,7.2,60.4,69.9,5,9,Yes,60.0,Average
STD1735,88.9,99.0,4.6,89.9,83.5,10,9,Yes,89.3,High
STD1736,81.9,47.0,5.3,50.9,67.4,6,10,Yes,67.4,Average
STD1737,79.2,71.6,6.2,56.1,61.6,6,6,Yes,69.1,Average
STD1738,88.3,74.5,2.7,76.5,62.8,8,10,No,70.2,Average
STD1739,96.8,83.2,5.4,64.4,65.9,9,10,Yes,72.3,Average
STD1740,88.7,69.4,4.0,67.6,69.6,6,8,No,62.0,Average
STD1741,53.0,72.3,6.0,68.7,80.5,5,4,Yes,72.1,Average
STD1742,60.0,62.5,1.0,59.6,61.6,6,6,Yes,64.8,Average
STD1743,68.2,71.8,4.3,80.2,75.6,6,5,Yes,69.4,Average
STD1744,76.3,63.2,3.4,70.8,58.8,6,8,No,57.1,Average
STD1745,82.5,76.7,5.3,67.4,68.3,6,9,No,59.4,Average
STD1746,66.9,62.8,5.3,60.5,52.3,5,6,Yes,55.9,Average
STD1747,78.3,73.3,3.2,68.9,76.4,6,9,Yes,71.0,Average
STD1748,66.6,67.6,3.2,50.9,60.5,6,8,Yes,67.7,Average
STD1749,68.4,83.8,4.3,65.2,68.3,6,8,No,71.2,Average
STD1750,58.4,67.3,2.9,56.2,65.8,5,6,No,59.6,Average
STD1751,64.5,43.2,6.0,33.5,42.9,4,6,No,42.9,Low
STD1752,59.1,85.7,3.8,71.0,74.7,6,7,Yes,69.7,Average
STD1753,63.8,55.3,1.0,53.4,45.7,5,5,No,54.8,Average
STD1754,89.2,58.8,3.8,51.8,58.8,6,7,No,59.9,Average
STD1755,64.1,59.7,2.6,60.8,53.9,4,8,Yes,48.5,Low
STD1756,100.0,87.2,1.6,88.4,62.3,6,10,Yes,74.8,Average
STD1757,82.2,38.1,2.3,52.7,41.5,6,8,Yes,46.4,Low
STD1758,78.3,99.0,4.7,80.9,89.3,9,10,Yes,84.1,High
STD1759,65.3,82.8,6.9,75.2,78.8,10,8,No,77.7,High
STD1760,84.8,71.1,5.1,75.0,73.4,8,8,Yes,73.5,Average
STD1761,68.8,67.2,3.4,65.5,54.6,7,6,No,59.6,Average
STD1762,77.5,72.0,5.3,62.1,67.0,6,10,Yes,74.7,Average
STD1763,100.0,75.3,3.7,78.5,64.4,8,9,Yes,72.1,Average
STD1764,74.8,77.0,3.2,79.3,72.7,10,8,No,79.7,High
STD1765,90.4,75.8,2.4,69.5,63.8,5,8,Yes,66.9,Average
STD1766,67.2,69.3,1.3,79.6,63.9,8,5,Yes,66.7,Average
STD1767,75.6,65.2,3.8,60.1,66.3,8,9,Yes,64.8,Average
STD1768,98.1,65.9,4.8,71.0,68.8,7,9,Yes,72.7,Average
STD1769,68.2,65.3,4.3,56.9,62.0,7,7,Yes,64.7,Average
STD1770,98.7,83.9,3.8,82.4,67.4,8,10,Yes,80.8,High
STD1771,84.8,76.3,2.8,59.7,62.8,6,10,Yes,65.1,Average
STD1772,69.0,30.0,5.6,38.7,39.0,4,8,Yes,39.5,Low
STD1773,83.9,77.2,2.1,64.8,60.6,4,7,No,74.8,Average
STD1774,88.2,70.7,5.9,71.6,67.6,6,9,Yes,70.3,Average
STD1775,83.8,67.7,2.7,75.2,55.5,6,8,No,66.6,Average
STD1776,56.4,62.6,3.1,62.0,45.5,7,6,No,47.1,Low
STD1777,66.9,83.7,1.9,54.0,59.1,6,5,No,60.4,Average
STD1778,72.9,81.3,3.6,87.4,73.9,9,8,Yes,76.4,High
STD1779,75.1,57.2,6.3,61.7,53.9,7,8,No,61.5,Average
STD1780,83.8,73.7,5.4,65.2,69.0,6,7,Yes,59.5,Average
STD1781,78.2,54.4,6.3,60.0,71.6,7,7,No,63.6,Average
STD1782,59.3,48.7,5.4,51.7,59.9,5,6,Yes,50.4,Average
STD1783,80.8,59.2,2.5,57.2,62.9,6,7,Yes,62.9,Average
STD1784,83.6,80.1,3.9,75.9,72.9,7,10,No,68.8,Average
STD1785,83.0,81.3,3.1,70.4,75.2,8,8,Yes,71.2,Average
STD1786,89.5,75.2,6.9,70.4,69.9,7,9,Yes,74.0,Average
STD1787,86.4,78.2,2.3,69.0,60.6,8,8,Yes,65.8,Average
STD1788,81.7,75.2,6.1,60.5,53.9,5,8,No,62.4,Average
STD1789,75.1,59.0,6.1,61.6,69.6,5,9,No,58.1,Average
STD1790,55.2,74.0,7.8,67.6,84.5,7,8,Yes,65.7,Average
STD1791,81.4,79.2,3.8,77.2,66.8,8,9,No,75.7,High
STD1792,78.6,78.6,5.8,78.4,73.3,7,8,Yes,70.4,Average
STD1793,79.4,84.6,8.6,78.2,80.1,9,10,Yes,81.7,High
STD1794,60.0,77.9,3.4,62.7,67.9,6,7,No,67.3,Average
STD1795,62.5,72.9,1.7,70.9,67.6,7,5,No,60.7,Average
STD1796,89.2,83.0,1.1,67.4,53.2,8,10,No,63.5,Average
STD1797,75.5,67.6,5.8,58.6,67.9,7,9,Yes,68.7,Average
STD1798,84.5,55.7,1.1,54.0,45.6,7,6,No,57.8,Average
STD1799,76.4,65.7,3.8,72.6,63.3,7,10,Yes,62.7,Average
STD1800,76.4,57.6,5.3,67.1,63.7,8,10,Yes,65.2,Average
STD1801,87.7,58.5,4.8,67.4,59.2,6,9,Yes,58.1,Average
STD1802,69.5,66.0,5.3,70.8,65.2,6,7,No,62.6,Average
STD1803,77.2,56.9,4.9,53.3,55.6,3,8,No,56.3,Average
STD1804,70.2,63.7,6.8,64.3,72.9,8,9,Yes,65.6,Average
STD1805,70.6,41.5,2.8,48.6,45.7,4,8,Yes,47.2,Low
STD1806,72.1,71.0,3.3,72.6,65.2,7,8,No,59.7,Average
STD1807,78.8,68.0,3.1,65.6,53.0,6,8,Yes,63.9,Average
STD1808,70.0,56.6,6.0,54.8,57.4,6,10,Yes,65.1,Average
STD1809,91.7,77.2,6.1,79.2,80.5,8,9,Yes,75.5,High
STD1810,64.8,81.1,5.3,76.3,74.8,6,8,Yes,71.3,Average
STD1811,73.7,45.5,6.6,47.6,58.1,5,8,No,56.1,Average
STD1812,70.5,57.3,2.4,57.8,62.5,4,7,Yes,63.8,Average
STD1813,94.1,57.2,7.5,56.9,70.2,5,10,Yes,62.0,Average
STD1814,78.5,54.8,7.2,40.4,59.4,2,9,Yes,57.6,Average
STD1815,88.9,79.6,5.8,77.2,72.2,6,9,No,75.7,High
STD1816,57.4,65.3,7.7,63.6,54.5,7,9,No,60.6,Average
STD1817,79.3,64.3,1.5,66.5,54.1,5,6,Yes,50.6,Average
STD1818,87.1,39.9,3.6,38.7,40.3,2,8,Yes,49.8,Low
STD1819,77.0,76.9,3.2,68.2,68.1,7,10,Yes,77.2,High
STD1820,89.3,50.7,5.8,43.2,53.0,4,10,Yes,58.1,Average
STD1821,69.5,68.8,2.6,74.6,59.7,9,4,No,58.8,Average
STD1822,93.6,71.9,5.9,64.6,58.3,8,9,Yes,68.5,Average
STD1823,100.0,87.0,7.0,92.3,79.1,8,8,Yes,93.8,High
STD1824,71.5,49.7,5.8,61.4,59.8,7,7,No,61.5,Average
STD1825,70.4,30.0,5.0,36.5,50.6,4,4,Yes,48.1,Low
STD1826,94.2,70.6,2.7,63.7,60.0,6,9,No,66.7,Average
STD1827,95.7,93.2,3.0,87.7,79.3,7,8,Yes,80.8,High
STD1828,69.5,85.3,6.7,67.1,84.0,7,8,Yes,76.8,High
STD1829,70.7,70.9,5.9,66.6,64.1,6,6,No,64.7,Average
STD1830,72.5,61.1,4.4,57.3,60.8,5,8,Yes,63.9,Average
STD1831,59.2,79.3,3.7,53.8,61.0,6,6,No,67.5,Average
STD1832,64.5,54.4,1.0,38.2,48.4,3,8,Yes,53.8,Average
STD1833,63.4,74.7,2.6,67.5,63.9,6,8,No,57.4,Average
STD1834,66.4,75.1,7.9,62.7,76.9,6,9,No,71.0,Average
STD1835,75.6,82.8,2.2,69.6,61.9,7,7,Yes,72.7,Average
STD1836,78.9,99.0,4.8,88.8,89.1,8,10,No,87.6,High
STD1837,95.4,73.5,6.3,82.9,87.0,9,8,No,76.9,High
STD1838,63.5,60.9,2.2,56.2,47.0,4,4,Yes,66.2,Average
STD1839,88.3,67.6,4.8,66.4,62.7,6,9,Yes,63.3,Average
STD1840,73.3,43.2,6.2,55.1,54.9,5,10,Yes,52.0,Average
STD1841,75.4,58.3,4.5,50.0,60.7,4,8,Yes,60.5,Average
STD1842,84.4,62.3,9.7,66.6,70.3,6,10,Yes,80.9,High
STD1843,62.0,60.7,1.5,61.9,35.3,8,4,Yes,49.4,Low
STD1844,80.8,70.1,6.4,73.3,79.3,6,10,Yes,73.7,Average
STD1845,78.1,56.5,4.2,45.4,57.9,7,9,No,61.2,Average
STD1846,82.2,83.7,5.9,70.3,65.6,7,10,Yes,75.0,High
STD1847,79.6,68.0,5.3,60.1,61.1,6,8,No,62.2,Average
STD1848,100.0,67.9,3.2,73.1,71.6,8,9,Yes,75.7,High
STD1849,68.0,63.4,4.9,64.5,71.1,9,6,Yes,68.0,Average
STD1850,69.4,70.2,1.2,76.2,64.7,7,6,No,68.0,Average
STD1851,68.2,79.6,5.6,66.1,71.4,5,6,No,73.5,Average
STD1852,69.1,55.9,5.0,53.3,57.2,5,6,No,56.8,Average
STD1853,68.0,58.8,5.6,67.0,61.6,7,7,Yes,64.9,Average
STD1854,90.9,63.7,6.4,69.7,74.0,5,9,Yes,72.8,Average
STD1855,93.8,49.2,5.2,69.8,51.7,7,9,Yes,64.9,Average
STD1856,68.9,56.5,4.8,59.5,52.8,8,8,No,57.4,Average
STD1857,65.6,61.3,2.9,50.4,59.8,5,7,Yes,57.9,Average
STD1858,81.9,80.2,3.2,64.1,66.4,6,8,No,72.9,Average
STD1859,69.1,71.7,6.6,54.1,76.9,5,8,No,72.7,Average
STD1860,83.9,70.7,7.1,74.4,69.2,8,8,Yes,67.6,Average
STD1861,78.5,79.9,4.1,81.9,71.8,7,8,Yes,75.4,High
STD1862,57.1,66.1,4.6,73.2,59.1,9,6,No,59.1,Average
STD1863,95.3,73.5,2.9,80.4,65.8,10,7,No,70.5,Average
STD1864,98.4,66.6,6.6,79.9,62.3,8,10,Yes,76.0,High
STD1865,68.3,71.7,5.7,61.2,64.9,6,7,Yes,69.5,Average
STD1866,71.2,59.8,8.0,51.2,56.7,6,9,Yes,61.6,Average
STD1867,79.6,33.9,2.9,54.3,45.0,7,9,Yes,42.6,Low
STD1868,80.2,66.1,3.8,68.9,66.3,6,9,Yes,63.7,Average
STD1869,84.2,87.9,4.9,79.7,67.3,7,9,No,79.0,High
STD1870,100.0,81.0,5.7,82.4,84.6,7,10,Yes,71.8,Average
STD1871,73.8,81.5,4.1,74.9,86.6,8,9,No,80.6,High
STD1872,66.0,85.3,2.9,82.0,72.4,9,7,No,74.7,Average
STD1873,58.8,69.2,6.1,71.2,65.6,6,6,Yes,72.2,Average
STD1874,66.9,70.8,5.8,68.7,86.0,6,7,Yes,71.9,Average
STD1875,75.6,59.4,2.9,67.2,48.0,5,5,No,47.3,Low
STD1876,98.4,63.6,6.9,73.4,69.2,6,10,No,72.7,Average
STD1877,69.5,76.6,6.6,65.2,74.3,7,8,No,75.3,High
STD1878,78.8,84.9,4.7,81.4,84.2,7,10,Yes,84.5,High
STD1879,75.8,66.0,4.6,54.1,63.1,5,8,Yes,60.8,Average
STD1880,90.9,61.7,5.5,74.3,61.9,6,10,Yes,69.6,Average
STD1881,100.0,68.0,2.9,63.4,54.1,7,8,No,61.9,Average
STD1882,69.4,76.4,4.6,70.6,67.2,7,9,No,64.6,Average
STD1883,69.9,47.8,1.0,46.5,35.6,4,6,Yes,50.3,Average
STD1884,89.1,35.9,6.1,55.8,50.0,5,10,No,48.0,Low
STD1885,84.5,60.3,1.7,63.6,49.5,7,6,No,53.7,Average
STD1886,99.1,50.9,7.2,50.8,49.9,4,10,No,53.5,Average
STD1887,83.3,60.9,3.9,67.0,66.7,5,6,No,56.6,Average
STD1888,71.5,65.9,4.1,59.0,57.7,8,7,Yes,63.7,Average
STD1889,83.4,61.7,3.4,70.9,51.5,6,9,No,65.8,Average
STD1890,89.9,88.3,4.0,80.8,74.9,8,8,Yes,79.4,High
STD1891,86.3,72.6,7.1,74.0,74.4,8,8,Yes,69.7,Average
STD1892,82.3,72.2,1.0,62.6,46.5,10,8,No,64.3,Average
STD1893,89.3,76.7,6.8,69.8,76.6,6,10,No,81.4,High
STD1894,90.6,52.1,5.1,57.6,49.5,6,9,Yes,57.3,Average
STD1895,93.3,82.5,2.3,84.9,80.1,8,9,Yes,78.1,High
STD1896,84.1,66.9,2.6,79.9,64.8,7,10,No,69.6,Average
STD1897,73.9,77.4,7.5,64.2,73.2,6,10,No,77.9,High
STD1898,77.8,53.0,2.8,66.0,47.9,5,9,Yes,55.5,Average
STD1899,91.1,46.2,2.4,41.7,42.6,4,9,No,43.2,Low
STD1900,65.8,79.5,6.5,60.2,77.1,5,8,Yes,74.3,Average
STD1901,80.6,73.3,5.1,62.7,67.3,7,6,Yes,72.8,Average
STD1902,71.1,55.4,2.8,47.2,48.6,5,6,Yes,53.5,Average
STD1903,76.4,55.8,4.9,47.2,55.4,5,7,Yes,55.3,Average
STD1904,92.0,83.8,2.7,81.9,67.0,8,6,No,77.8,High
STD1905,78.4,51.3,6.5,55.6,56.3,5,7,No,59.2,Average
STD1906,76.6,91.0,6.4,81.3,70.6,8,6,No,73.6,Average
STD1907,59.0,55.4,5.5,59.2,64.5,5,7,Yes,60.0,Average
STD1908,85.3,76.9,5.2,75.2,73.7,7,10,No,67.7,Average
STD1909,84.1,63.4,7.7,70.3,65.5,6,10,No,70.8,Average
STD1910,100.0,76.4,4.5,76.5,81.7,7,10,No,75.9,High
STD1911,72.2,60.4,2.4,51.5,52.7,3,6,No,51.4,Average
STD1912,78.7,65.7,5.3,73.1,60.0,9,6,No,65.5,Average
STD1913,79.1,68.6,8.3,62.4,77.7,6,7,No,70.0,Average
STD1914,95.7,54.0,2.7,56.5,53.1,7,7,No,61.5,Average
STD1915,74.8,78.4,3.8,69.7,70.7,8,6,Yes,74.2,Average
STD1916,79.5,60.8,5.2,55.9,57.6,4,8,No,58.5,Average
STD1917,83.6,64.8,4.4,62.9,64.3,5,7,Yes,69.0,Average
STD1918,78.3,54.1,2.7,61.3,50.3,9,8,Yes,60.8,Average
STD1919,70.4,32.1,6.5,47.0,50.4,6,8,No,46.4,Low
STD1920,78.4,65.3,8.7,58.2,59.7,6,9,Yes,66.5,Average
STD1921,89.4,99.0,4.9,82.8,81.1,9,10,No,83.3,High
STD1922,63.2,79.0,2.9,76.2,78.0,7,5,Yes,74.0,Average
STD1923,77.7,67.7,1.7,69.7,53.3,7,8,Yes,62.0,Average
STD1924,67.2,64.3,5.0,76.8,61.8,7,7,Yes,64.8,Average
STD1925,90.9,68.3,6.5,78.9,68.8,6,9,Yes,82.3,High
STD1926,57.0,75.7,5.4,73.1,64.0,6,8,No,69.6,Average
STD1927,69.0,51.5,4.5,44.2,38.1,4,8,Yes,47.1,Low
STD1928,80.7,83.6,3.4,81.3,70.9,7,7,Yes,78.1,High
STD1929,95.6,78.0,2.5,76.3,67.2,8,9,Yes,75.2,High
STD1930,75.2,78.1,6.0,66.8,72.5,6,9,Yes,74.6,Average
STD1931,69.1,74.1,6.1,68.4,70.6,6,7,No,68.5,Average
STD1932,99.5,68.3,1.7,79.5,60.4,9,10,Yes,76.5,High
STD1933,57.9,77.4,7.4,69.5,82.4,7,8,No,73.3,Average
STD1934,48.5,76.3,5.5,56.0,67.5,6,8,No,62.2,Average
STD1935,81.5,63.0,7.0,70.1,64.9,8,7,No,71.3,Average
STD1936,69.7,60.0,2.1,54.7,50.2,6,6,No,54.7,Average
STD1937,63.2,69.4,2.0,64.5,62.0,8,5,Yes,63.6,Average
STD1938,84.9,89.7,4.2,77.8,85.0,7,9,Yes,83.1,High
STD1939,79.0,50.7,5.4,55.4,51.6,5,6,No,54.3,Average
STD1940,68.9,47.5,7.7,58.2,60.5,5,9,No,57.4,Average
STD1941,60.0,70.3,5.8,54.7,68.0,5,6,No,59.1,Average
STD1942,86.9,68.7,4.1,83.7,60.9,9,8,No,66.2,Average
STD1943,84.1,70.4,2.7,55.6,58.8,7,6,Yes,60.0,Average
STD1944,74.8,71.4,6.7,62.7,61.6,7,8,Yes,62.5,Average
STD1945,99.1,64.9,2.8,73.2,49.1,6,10,No,60.0,Average
STD1946,62.6,88.9,7.4,77.8,86.0,9,8,No,78.1,High
STD1947,56.9,45.6,4.0,47.3,45.5,3,7,Yes,48.7,Low
STD1948,67.4,56.4,7.4,56.4,64.4,7,10,No,59.9,Average
STD1949,75.4,66.6,5.7,67.8,66.5,6,9,Yes,58.4,Average
STD1950,79.0,45.0,4.3,52.1,43.3,6,7,Yes,59.5,Average
STD1951,73.0,65.5,3.6,73.9,61.8,6,8,No,68.0,Average
STD1952,80.4,91.3,3.9,86.0,70.8,10,7,No,79.5,High
STD1953,60.4,68.3,5.3,68.0,74.7,5,6,No,72.8,Average
STD1954,94.0,71.2,4.6,65.3,57.7,6,8,Yes,64.6,Average
STD1955,75.0,50.4,3.4,55.1,49.3,5,9,Yes,63.3,Average
STD1956,90.0,59.4,4.2,62.6,52.0,5,8,No,55.7,Average
STD1957,80.3,62.7,4.6,56.4,63.2,6,8,Yes,65.1,Average
STD1958,81.7,63.6,1.0,67.5,51.7,9,6,No,54.2,Average
STD1959,83.1,85.9,5.3,73.5,73.3,10,9,No,76.4,High
STD1960,81.6,75.8,2.7,76.5,70.9,8,7,No,71.8,Average
STD1961,84.0,52.4,2.4,51.3,48.5,6,8,Yes,55.1,Average
STD1962,92.6,71.5,1.5,85.1,65.4,9,9,No,73.7,Average
STD1963,78.5,75.0,1.3,63.5,53.3,7,8,Yes,64.7,Average
STD1964,84.9,84.0,2.1,78.6,60.2,8,8,Yes,70.8,Average
STD1965,74.9,90.1,3.2,83.5,76.1,9,5,Yes,76.1,High
STD1966,94.0,53.8,8.0,58.6,61.9,6,10,Yes,69.8,Average
STD1967,67.5,56.6,3.6,63.5,59.3,6,9,No,55.2,Average
STD1968,98.5,50.4,4.8,53.1,52.9,5,10,Yes,64.2,Average
STD1969,75.5,64.7,5.2,74.6,67.0,7,7,Yes,73.9,Average
STD1970,58.1,74.5,4.7,64.4,57.8,7,6,No,54.9,Average
STD1971,77.6,81.8,4.4,69.3,82.6,6,7,Yes,80.4,High
STD1972,67.5,66.9,2.3,60.5,56.2,6,8,No,67.1,Average
STD1973,86.5,63.5,7.1,72.2,73.5,9,10,Yes,74.9,Average
STD1974,67.8,70.1,7.8,60.2,66.7,7,7,Yes,70.7,Average
STD1975,70.4,56.3,1.5,52.1,49.9,7,6,No,56.6,Average
STD1976,52.4,97.3,2.7,73.5,67.9,7,7,Yes,71.7,Average
STD1977,70.3,45.5,4.0,42.9,49.6,5,9,Yes,52.4,Average
STD1978,45.7,70.6,2.8,72.3,60.2,8,7,Yes,57.4,Average
STD1979,56.2,96.3,5.4,71.5,81.6,9,7,Yes,79.3,High
STD1980,85.5,68.1,3.2,74.6,66.8,6,8,Yes,71.6,Average
STD1981,85.8,65.3,8.4,68.5,65.1,6,6,Yes,72.5,Average
STD1982,81.3,63.0,6.6,57.0,60.7,7,9,Yes,70.3,Average
STD1983,63.9,65.5,4.9,60.9,65.4,6,7,No,58.1,Average
STD1984,75.4,87.2,6.3,82.0,93.8,8,9,Yes,82.2,High
STD1985,76.0,37.0,6.5,47.2,48.7,3,9,Yes,59.4,Average
STD1986,61.5,89.5,3.5,82.4,79.1,8,5,Yes,76.1,High
STD1987,94.8,48.1,3.0,67.6,50.2,5,10,No,58.3,Average
STD1988,87.0,64.3,4.6,73.6,75.6,9,10,No,70.4,Average
STD1989,73.2,62.0,6.1,58.2,52.7,6,9,No,55.9,Average
STD1990,76.3,76.2,4.8,62.2,68.5,6,9,No,74.3,Average
STD1991,78.6,45.6,1.7,49.5,32.9,6,8,Yes,46.3,Low
STD1992,50.5,74.5,3.1,63.6,48.2,7,5,Yes,54.8,Average
STD1993,72.9,96.3,4.4,84.5,83.3,9,7,No,78.7,High
STD1994,67.5,48.9,4.4,36.5,49.1,5,7,No,39.7,Low
STD1995,63.5,70.7,8.1,63.6,71.7,6,8,Yes,66.9,Average
STD1996,72.5,58.7,2.0,60.8,51.7,6,8,Yes,54.1,Average
STD1997,98.5,74.0,5.4,73.2,89.2,8,10,No,80.9,High
STD1998,84.0,68.3,7.2,77.8,71.4,7,10,No,69.3,Average
STD1999,68.9,59.0,8.6,61.9,71.6,6,10,Yes,71.4,Average
STD2000,83.2,74.8,3.8,81.3,64.8,9,8,No,76.7,High
STD2001,93.5,93.3,5.4,82.9,83.9,9,5,Yes,88.5,High
STD2002,87.6,65.3,5.5,74.5,65.4,6,10,Yes,69.8,Average
STD2003,76.7,78.1,4.9,83.7,71.0,9,7,Yes,76.4,High
STD2004,67.9,49.9,4.3,63.3,64.9,6,6,Yes,53.3,Average
STD2005,84.7,54.6,5.3,52.6,63.6,6,8,Yes,61.7,Average
STD2006,80.9,74.6,1.0,68.8,60.3,8,7,No,61.0,Average
STD2007,87.2,88.8,5.7,77.7,65.8,9,10,Yes,82.2,High
STD2008,83.9,73.0,4.7,74.3,66.5,9,7,No,80.8,High
STD2009,89.1,63.6,4.1,72.1,78.3,9,7,Yes,74.7,Average
STD2010,69.3,68.0,8.2,57.5,69.8,7,9,Yes,60.5,Average
STD2011,92.5,50.5,3.3,61.2,58.0,6,10,No,57.5,Average
STD2012,78.5,76.5,3.8,55.9,73.1,6,9,No,67.6,Average
STD2013,100.0,80.4,8.1,90.0,84.9,10,10,No,85.3,High
STD2014,67.4,61.7,3.0,55.9,50.2,6,5,No,51.4,Average
STD2015,97.7,61.4,3.5,68.6,44.2,7,9,Yes,64.7,Average
STD2016,78.5,71.7,4.2,66.1,69.4,7,8,Yes,64.5,Average
STD2017,67.9,61.9,6.0,68.6,60.2,7,9,No,58.7,Average
STD2018,70.0,67.1,4.9,42.2,60.7,3,5,No,59.2,Average
STD2019,72.0,97.4,2.2,80.6,68.5,9,6,No,70.6,Average
STD2020,81.3,64.5,3.5,64.5,58.1,7,6,No,63.9,Average
STD2021,82.5,63.0,3.4,61.3,58.1,8,6,No,55.4,Average
STD2022,68.8,58.9,4.4,71.6,61.9,6,8,Yes,71.1,Average
STD2023,75.7,78.4,5.3,64.7,64.1,6,9,Yes,67.0,Average
STD2024,100.0,65.5,5.3,76.8,73.9,8,10,No,72.1,Average
STD2025,97.6,58.9,1.3,69.4,48.9,8,10,No,62.3,Average
STD2026,81.5,86.5,6.4,86.8,72.0,9,8,Yes,78.5,High
STD2027,76.5,87.9,5.0,71.7,75.5,7,8,Yes,77.5,High
STD2028,77.5,59.6,7.0,56.0,64.0,4,10,Yes,66.6,Average
STD2029,83.7,41.9,5.3,61.7,53.0,5,8,Yes,61.3,Average
STD2030,63.2,82.1,6.5,73.0,85.4,8,8,No,78.3,High
STD2031,72.8,58.4,5.3,47.9,56.2,3,8,Yes,57.2,Average
STD2032,55.1,79.1,6.9,61.9,73.8,6,5,Yes,68.9,Average
STD2033,81.0,40.4,5.4,54.8,43.6,6,6,Yes,62.9,Average
STD2034,84.1,80.5,4.3,81.1,77.8,7,8,No,79.2,High
STD2035,70.0,51.0,8.6,49.6,63.2,7,10,Yes,57.8,Average
STD2036,95.7,78.2,6.1,55.0,68.2,7,10,Yes,73.8,Average
STD2037,60.7,68.2,5.5,65.4,55.0,5,8,Yes,61.4,Average
STD2038,57.7,54.6,2.2,44.1,56.1,3,4,Yes,50.4,Average
STD2039,78.8,62.3,2.2,48.2,44.7,3,9,Yes,50.1,Average
STD2040,89.1,77.6,5.0,53.4,64.0,5,8,Yes,67.3,Average
STD2041,97.0,69.5,4.8,78.5,70.0,9,10,No,80.8,High
STD2042,70.3,76.2,3.4,69.5,59.0,7,7,Yes,69.6,Average
STD2043,89.5,95.7,4.8,83.0,72.9,9,9,Yes,72.8,Average
STD2044,75.5,46.1,7.4,63.9,46.8,5,10,No,60.7,Average
STD2045,73.8,90.6,5.8,82.3,85.9,9,7,Yes,87.4,High
STD2046,87.0,69.5,2.4,81.7,59.7,8,6,No,65.5,Average
STD2047,84.2,55.4,4.3,50.6,71.7,5,8,Yes,66.0,Average
STD2048,56.3,49.4,3.1,49.7,42.0,5,5,No,42.4,Low
STD2049,94.5,65.4,3.8,57.3,53.7,4,10,No,59.3,Average
STD2050,93.3,80.9,3.8,75.9,67.2,6,10,No,79.2,High
STD2051,68.2,66.2,3.6,60.6,61.4,7,6,Yes,61.8,Average
STD2052,80.9,89.2,2.2,83.4,69.8,9,6,Yes,69.3,Average
STD2053,82.2,47.7,4.3,56.6,55.1,7,6,Yes,57.6,Average
STD2054,79.3,67.8,3.5,71.2,56.7,7,7,No,63.0,Average
STD2055,69.1,50.5,1.0,59.4,37.2,6,6,No,53.0,Average
STD2056,67.6,73.1,8.2,82.3,67.9,7,10,Yes,74.4,Average
STD2057,75.7,80.4,6.5,70.1,62.4,7,10,Yes,71.0,Average
STD2058,90.7,62.1,3.8,59.5,55.0,6,9,Yes,68.0,Average
STD2059,82.8,31.5,4.5,49.4,40.7,7,8,Yes,49.9,Low
STD2060,71.4,70.8,2.4,59.9,55.3,7,7,Yes,59.3,Average
STD2061,85.6,74.1,7.6,82.9,85.2,10,9,Yes,86.8,High
STD2062,40.4,73.7,7.9,56.7,80.5,6,8,No,66.3,Average
STD2063,90.4,85.3,4.8,75.0,73.1,7,9,No,75.8,High
STD2064,54.3,53.0,6.3,47.8,46.5,5,7,No,50.9,Average
STD2065,71.5,77.5,4.8,75.0,67.9,8,5,Yes,67.2,Average
STD2066,62.0,84.7,2.1,69.8,63.7,6,6,No,63.3,Average
STD2067,59.8,43.1,3.8,42.6,41.2,4,7,No,43.8,Low
STD2068,90.5,72.5,4.7,84.7,66.4,8,8,Yes,74.2,Average
STD2069,70.2,60.9,3.7,53.7,52.1,7,6,No,61.2,Average
STD2070,80.3,66.9,4.1,66.5,60.3,5,9,Yes,66.8,Average
STD2071,75.4,72.9,4.3,73.1,63.6,9,6,Yes,73.5,Average
STD2072,82.0,61.2,4.4,51.4,58.6,4,10,Yes,61.4,Average
STD2073,77.0,58.5,4.6,64.3,61.3,5,7,Yes,67.2,Average
STD2074,60.0,68.5,2.6,53.5,51.7,7,5,No,57.0,Average
STD2075,88.5,52.8,3.2,67.0,61.1,7,7,Yes,63.1,Average
STD2076,69.8,52.8,2.2,48.4,41.4,6,7,Yes,51.2,Average
STD2077,56.5,77.5,6.3,70.7,64.2,8,10,Yes,66.1,Average
STD2078,70.6,51.9,1.0,63.6,49.4,8,7,No,55.4,Average
STD2079,94.8,77.3,6.6,82.5,72.0,9,9,Yes,79.6,High
STD2080,86.6,74.5,7.0,74.1,76.8,7,10,Yes,75.1,High
STD2081,71.6,43.8,4.0,49.4,32.9,5,7,No,50.1,Average
STD2082,71.6,58.5,1.0,54.9,57.0,7,8,Yes,52.6,Average
STD2083,72.0,84.7,3.8,84.8,78.6,8,8,Yes,76.4,High
STD2084,100.0,54.3,4.4,59.6,46.6,5,6,No,61.8,Average
STD2085,80.8,61.5,2.7,55.7,45.4,5,6,Yes,58.5,Average
STD2086,81.4,74.5,3.6,75.7,77.0,5,9,Yes,73.2,Average
STD2087,88.9,79.0,7.3,69.3,72.3,7,10,No,75.6,High
STD2088,79.0,64.5,5.7,57.5,58.4,4,7,Yes,63.9,Average
STD2089,72.8,59.6,2.8,49.3,38.9,5,6,Yes,46.6,Low
STD2090,73.5,87.9,1.6,72.3,66.2,8,4,No,67.6,Average
STD2091,75.1,92.3,3.9,78.2,75.8,7,7,Yes,85.1,High
STD2092,75.5,81.7,4.1,74.9,76.0,9,10,No,71.2,Average
STD2093,85.1,69.2,5.4,76.0,60.4,6,10,Yes,69.1,Average
STD2094,76.6,56.7,3.5,63.6,46.4,8,10,No,54.9,Average
STD2095,85.2,56.4,5.4,60.4,62.0,7,10,No,62.0,Average
STD2096,75.0,75.3,8.0,67.9,82.4,5,10,Yes,73.5,Average
STD2097,77.0,73.9,6.0,73.0,62.4,10,10,Yes,74.6,Average
STD2098,51.0,87.6,4.4,79.0,82.7,8,6,Yes,76.7,High
STD2099,87.5,77.1,4.2,74.8,69.8,7,8,Yes,77.4,High
STD2100,80.3,47.0,3.9,51.8,55.6,4,9,No,49.0,Low
STD2101,88.5,82.7,6.6,69.8,76.8,7,10,No,74.8,Average
STD2102,39.8,54.0,3.4,37.0,33.4,4,4,Yes,41.8,Low
STD2103,100.0,62.6,4.6,74.4,62.3,8,9,Yes,72.8,Average
STD2104,74.3,71.5,4.6,71.5,73.4,7,8,Yes,67.9,Average
STD2105,89.9,95.9,3.6,89.3,75.1,10,10,Yes,88.7,High
STD2106,63.0,99.0,2.0,78.1,73.7,7,7,Yes,81.6,High
STD2107,83.7,76.5,5.1,83.0,72.0,6,7,No,68.7,Average
STD2108,62.8,65.4,4.4,57.0,43.2,6,9,No,53.2,Average
STD2109,68.2,75.5,5.4,74.8,81.7,5,7,No,68.9,Average
STD2110,99.9,80.4,3.5,78.9,65.1,8,9,Yes,87.7,High
STD2111,73.6,63.5,6.7,58.0,68.5,5,7,Yes,63.9,Average
STD2112,78.7,93.1,2.9,84.7,76.0,9,10,Yes,88.1,High
STD2113,86.9,71.2,7.6,73.6,82.1,9,10,No,70.9,Average
STD2114,82.2,75.0,1.4,73.9,64.0,6,6,No,61.8,Average
STD2115,77.9,77.3,5.3,71.9,70.3,8,9,No,68.4,Average
STD2116,80.6,73.9,5.4,69.9,64.4,7,9,Yes,67.6,Average
STD2117,100.0,79.7,3.1,96.8,77.4,10,9,No,79.4,High
STD2118,75.3,59.4,5.3,69.6,51.0,7,9,Yes,60.0,Average
STD2119,78.5,60.2,6.8,67.5,69.8,6,8,Yes,64.8,Average
STD2120,89.1,52.6,1.0,61.7,40.4,7,7,Yes,60.5,Average
STD2121,89.8,74.2,5.4,80.5,79.7,8,7,Yes,83.1,High
STD2122,90.8,78.9,1.0,79.7,64.8,7,6,No,73.6,Average
STD2123,84.0,74.4,2.8,71.6,68.0,7,10,Yes,73.6,Average
STD2124,61.7,91.4,7.4,72.3,84.5,7,10,Yes,80.7,High
STD2125,96.4,67.9,3.5,70.7,51.9,8,9,Yes,65.8,Average
STD2126,61.7,77.4,2.4,43.0,53.9,2,8,Yes,53.8,Average
STD2127,79.8,52.7,4.1,59.9,58.3,6,8,Yes,61.9,Average
STD2128,66.6,62.6,8.2,56.4,69.3,6,8,Yes,61.1,Average
STD2129,75.2,77.7,1.2,82.8,71.4,8,7,Yes,68.3,Average
STD2130,80.1,79.9,2.6,73.5,69.3,9,7,Yes,77.8,High
STD2131,80.0,63.9,7.2,55.6,60.5,5,9,No,70.7,Average
STD2132,81.3,67.0,7.8,66.2,66.8,6,10,Yes,72.4,Average
STD2133,96.2,46.7,4.3,51.8,50.7,6,10,Yes,62.9,Average
STD2134,81.7,63.0,2.3,68.1,42.7,7,8,Yes,59.3,Average
STD2135,72.9,80.5,8.3,73.9,90.9,7,10,No,73.1,Average
STD2136,88.1,76.1,7.4,80.7,80.5,9,10,No,81.0,High
STD2137,90.9,75.0,5.7,67.8,78.2,6,8,Yes,77.8,High
STD2138,60.7,68.7,3.0,62.0,50.6,6,4,No,56.8,Average
STD2139,83.5,68.1,4.4,57.6,69.6,5,9,No,64.0,Average
STD2140,84.8,58.8,4.2,68.3,72.5,8,8,No,70.0,Average
STD2141,72.3,77.8,5.1,73.9,64.0,4,8,No,63.4,Average
STD2142,93.2,73.9,7.1,77.5,80.1,8,10,No,74.1,Average
STD2143,74.1,74.9,6.1,69.0,71.8,7,10,No,66.1,Average
STD2144,77.6,60.6,2.6,65.2,46.2,5,6,No,56.2,Average
STD2145,73.8,37.9,7.0,60.5,56.7,6,6,Yes,52.0,Average
STD2146,76.2,83.4,5.1,72.0,79.2,8,8,No,71.7,Average
STD2147,62.3,61.3,5.7,59.2,58.6,7,7,No,56.0,Average
STD2148,58.0,55.9,7.1,45.9,67.3,2,8,Yes,57.2,Average
STD2149,95.9,77.7,2.5,70.1,54.9,8,10,No,62.0,Average
STD2150,65.4,62.5,4.4,60.4,51.0,5,8,Yes,59.6,Average
STD2151,63.6,82.8,3.5,78.7,72.5,9,5,No,76.1,High
STD2152,49.1,76.6,1.7,61.0,60.7,7,4,No,59.3,Average
STD2153,68.0,77.6,5.1,66.9,66.2,6,8,Yes,75.9,High
STD2154,59.5,48.9,9.0,47.5,66.4,5,9,Yes,64.9,Average
STD2155,96.5,85.0,1.2,76.7,69.9,7,10,Yes,79.7,High
STD2156,88.6,71.7,4.4,73.4,72.3,5,10,Yes,73.3,Average
STD2157,67.4,62.8,5.7,49.2,60.1,6,7,Yes,60.8,Average
STD2158,100.0,70.0,4.7,83.1,72.6,8,9,Yes,80.3,High
STD2159,88.3,43.1,4.3,50.4,45.3,4,8,Yes,51.7,Average
STD2160,71.9,73.7,2.2,73.1,75.0,7,6,No,59.7,Average
STD2161,44.8,53.6,4.9,39.5,47.6,4,6,No,48.3,Low
STD2162,100.0,49.1,3.1,67.0,64.1,7,10,Yes,60.3,Average
STD2163,58.6,46.7,1.0,54.1,42.8,6,4,No,41.3,Low
STD2164,55.4,83.6,6.7,71.4,69.8,6,6,Yes,71.6,Average
STD2165,88.8,59.2,6.2,57.0,70.1,5,10,Yes,66.8,Average
STD2166,100.0,89.5,4.6,86.1,79.7,8,10,Yes,79.0,High
STD2167,93.3,60.5,4.9,57.5,64.7,8,10,No,65.5,Average
STD2168,83.0,44.1,6.4,52.6,61.4,5,10,No,61.0,Average
STD2169,83.4,52.4,4.9,66.9,59.4,8,10,Yes,59.3,Average
STD2170,86.7,85.3,6.1,84.2,76.6,8,10,Yes,87.2,High
STD2171,85.5,65.8,4.0,67.2,67.7,6,8,Yes,61.7,Average
STD2172,79.5,60.3,6.9,55.1,63.7,5,8,Yes,73.2,Average
STD2173,77.3,70.2,5.1,72.1,71.8,7,8,No,67.2,Average
STD2174,75.2,75.0,4.8,69.5,56.1,8,5,Yes,68.3,Average
STD2175,66.6,83.6,2.2,54.2,66.7,7,6,No,56.3,Average
STD2176,72.5,88.3,5.0,81.7,74.7,9,7,Yes,78.4,High
STD2177,54.8,63.0,3.0,56.8,66.0,7,4,No,58.1,Average
STD2178,74.8,49.4,3.4,64.1,55.3,5,6,No,54.5,Average
STD2179,63.6,62.2,3.0,50.8,56.0,5,7,Yes,54.8,Average
STD2180,62.2,71.6,2.6,40.0,58.9,3,6,No,50.5,Average
STD2181,78.2,54.5,8.3,61.0,59.4,6,9,No,66.4,Average
STD2182,93.4,54.6,6.9,65.4,72.7,6,10,Yes,69.7,Average
STD2183,87.5,72.8,8.0,58.9,85.2,7,10,Yes,83.3,High
STD2184,56.4,67.3,2.3,52.5,58.0,4,7,No,52.7,Average
STD2185,63.6,68.5,4.6,83.1,77.5,8,7,Yes,70.3,Average
STD2186,87.8,57.4,2.2,60.8,48.7,7,6,Yes,62.6,Average
STD2187,63.7,64.8,3.2,65.9,54.6,5,8,Yes,53.8,Average
STD2188,73.2,55.1,2.8,52.9,51.2,7,7,No,48.8,Low
STD2189,82.9,80.5,6.7,58.8,76.8,6,8,No,76.6,High
STD2190,63.9,82.5,3.8,69.0,67.8,5,5,No,61.6,Average
STD2191,77.3,42.2,6.4,49.8,55.7,5,9,Yes,48.4,Low
STD2192,59.3,55.0,5.6,50.9,58.9,5,7,Yes,64.8,Average
STD2193,68.5,47.0,8.6,51.2,54.5,5,10,Yes,52.0,Average
STD2194,80.0,58.9,1.8,63.8,55.7,7,7,No,59.0,Average
STD2195,56.1,66.8,6.8,58.3,72.5,7,6,Yes,66.1,Average
STD2196,81.5,47.7,6.6,46.6,55.9,5,10,Yes,46.1,Low
STD2197,75.8,55.1,2.7,62.2,59.5,7,8,Yes,59.5,Average
STD2198,82.9,53.9,6.3,45.3,49.9,4,9,Yes,59.3,Average
STD2199,78.8,70.9,5.1,52.7,67.0,7,9,No,66.4,Average
STD2200,93.1,69.0,4.1,76.5,58.6,6,9,No,71.3,Average
